2026-05-18T13:28:29.392-04:00  INFO 13369 --- [cliente-service] [main] c.m.c.ClienteServiceApplication          : Starting ClienteServiceApplication using Java 21.0.10 with PID 13369 (/home/nicolas/Escritorio/proyecto-fullstack/cliente-service/target/classes started by nicolas in /home/nicolas/Escritorio/proyecto-fullstack/cliente-service)
2026-05-18T13:28:29.397-04:00 DEBUG 13369 --- [cliente-service] [main] c.m.c.ClienteServiceApplication          : Running with Spring Boot v4.0.5, Spring v7.0.6
2026-05-18T13:28:29.398-04:00  INFO 13369 --- [cliente-service] [main] c.m.c.ClienteServiceApplication          : No active profile set, falling back to 1 default profile: "default"
2026-05-18T13:28:30.012-04:00  INFO 13369 --- [cliente-service] [main] .s.d.r.c.RepositoryConfigurationDelegate : Bootstrapping Spring Data JPA repositories in DEFAULT mode.
2026-05-18T13:28:30.061-04:00  INFO 13369 --- [cliente-service] [main] .s.d.r.c.RepositoryConfigurationDelegate : Finished Spring Data repository scanning in 41 ms. Found 1 JPA repository interface.
2026-05-18T13:28:30.528-04:00  INFO 13369 --- [cliente-service] [main] o.s.boot.tomcat.TomcatWebServer          : Tomcat initialized with port 8081 (http)
2026-05-18T13:28:30.545-04:00  INFO 13369 --- [cliente-service] [main] o.apache.catalina.core.StandardService   : Starting service [Tomcat]
2026-05-18T13:28:30.546-04:00  INFO 13369 --- [cliente-service] [main] o.apache.catalina.core.StandardEngine    : Starting Servlet engine: [Apache Tomcat/11.0.20]
2026-05-18T13:28:30.586-04:00  INFO 13369 --- [cliente-service] [main] b.w.c.s.WebApplicationContextInitializer : Root WebApplicationContext: initialization completed in 1147 ms
2026-05-18T13:28:30.787-04:00 DEBUG 13369 --- [cliente-service] [main] c.m.c.config.JwtAuthenticationFilter     : Filter 'jwtAuthenticationFilter' configured for use
2026-05-18T13:28:30.911-04:00  INFO 13369 --- [cliente-service] [main] org.hibernate.orm.jpa                    : HHH008540: Processing PersistenceUnitInfo [name: default]
2026-05-18T13:28:30.946-04:00  INFO 13369 --- [cliente-service] [main] org.hibernate.orm.core                   : HHH000001: Hibernate ORM core version 7.2.7.Final
2026-05-18T13:28:31.253-04:00  INFO 13369 --- [cliente-service] [main] o.s.o.j.p.SpringPersistenceUnitInfo      : No LoadTimeWeaver setup: ignoring JPA class transformer
2026-05-18T13:28:31.276-04:00  INFO 13369 --- [cliente-service] [main] com.zaxxer.hikari.HikariDataSource       : HikariPool-1 - Starting...
2026-05-18T13:28:31.547-04:00  INFO 13369 --- [cliente-service] [main] com.zaxxer.hikari.pool.HikariPool        : HikariPool-1 - Added connection com.mysql.cj.jdbc.ConnectionImpl@119f072c
2026-05-18T13:28:31.549-04:00  INFO 13369 --- [cliente-service] [main] com.zaxxer.hikari.HikariDataSource       : HikariPool-1 - Start completed.
2026-05-18T13:28:31.628-04:00  WARN 13369 --- [cliente-service] [main] org.hibernate.orm.jdbc                   : HHH100045: Could not obtain connection metadata: java.sql.SQLSyntaxErrorException: Unknown column 'RESERVED' in 'WHERE'
2026-05-18T13:28:31.640-04:00  WARN 13369 --- [cliente-service] [main] org.hibernate.orm.deprecation            : HHH90000025: MySQLDialect does not need to be specified explicitly using 'hibernate.dialect' (remove the property setting and it will be selected by default)
2026-05-18T13:28:31.649-04:00  INFO 13369 --- [cliente-service] [main] org.hibernate.orm.connections.pooling    : HHH10001005: Database info:
	Database JDBC URL [undefined/unknown]
	Database driver: undefined/unknown
	Database dialect: MySQLDialect
	Database version: 8.0
	Default catalog/schema: unknown/unknown
	Autocommit mode: undefined/unknown
	Isolation level: NONE [default NONE]
	JDBC fetch size: undefined/unknown
	Pool: DataSourceConnectionProvider
	Minimum pool size: undefined/unknown
	Maximum pool size: undefined/unknown
2026-05-18T13:28:32.260-04:00  INFO 13369 --- [cliente-service] [main] org.hibernate.orm.core                   : HHH000489: No JTA platform available (set 'hibernate.transaction.jta.platform' to enable JTA platform integration)
2026-05-18T13:28:32.373-04:00  INFO 13369 --- [cliente-service] [main] j.LocalContainerEntityManagerFactoryBean : Initialized JPA EntityManagerFactory for persistence unit 'default'
2026-05-18T13:28:32.441-04:00  INFO 13369 --- [cliente-service] [main] o.s.d.j.r.query.QueryEnhancerFactories   : Hibernate is in classpath; If applicable, HQL parser will be used.
2026-05-18T13:28:32.580-04:00  INFO 13369 --- [cliente-service] [main] r$InitializeUserDetailsManagerConfigurer : Global AuthenticationManager configured with UserDetailsService bean with name userDetailsService
2026-05-18T13:28:33.110-04:00  INFO 13369 --- [cliente-service] [main] o.s.boot.tomcat.TomcatWebServer          : Tomcat started on port 8081 (http) with context path '/'
2026-05-18T13:28:33.114-04:00  INFO 13369 --- [cliente-service] [main] c.m.c.ClienteServiceApplication          : Started ClienteServiceApplication in 4.074 seconds (process running for 4.526)
2026-05-18T13:28:33.378-04:00  INFO 13369 --- [cliente-service] [main] c.m.c.config.DataInitializer             : >>> DataInitalizer: La BD ya tiene datos, se omite la carga incial
2026-05-18T13:28:43.771-04:00  INFO 13369 --- [cliente-service] [SpringApplicationShutdownHook] o.s.boot.tomcat.GracefulShutdown         : Commencing graceful shutdown. Waiting for active requests to complete
2026-05-18T13:28:43.773-04:00  INFO 13369 --- [cliente-service] [tomcat-shutdown] o.s.boot.tomcat.GracefulShutdown         : Graceful shutdown complete
2026-05-18T13:28:43.778-04:00  INFO 13369 --- [cliente-service] [SpringApplicationShutdownHook] j.LocalContainerEntityManagerFactoryBean : Closing JPA EntityManagerFactory for persistence unit 'default'
2026-05-18T13:28:43.780-04:00  INFO 13369 --- [cliente-service] [SpringApplicationShutdownHook] com.zaxxer.hikari.HikariDataSource       : HikariPool-1 - Shutdown initiated...
2026-05-18T13:28:43.787-04:00  INFO 13369 --- [cliente-service] [SpringApplicationShutdownHook] com.zaxxer.hikari.HikariDataSource       : HikariPool-1 - Shutdown completed.
2026-05-18T13:28:44.986-04:00  INFO 13552 --- [cliente-service] [main] c.m.c.ClienteServiceApplication          : Starting ClienteServiceApplication using Java 21.0.10 with PID 13552 (/home/nicolas/Escritorio/proyecto-fullstack/cliente-service/target/classes started by nicolas in /home/nicolas/Escritorio/proyecto-fullstack/cliente-service)
2026-05-18T13:28:44.989-04:00 DEBUG 13552 --- [cliente-service] [main] c.m.c.ClienteServiceApplication          : Running with Spring Boot v4.0.5, Spring v7.0.6
2026-05-18T13:28:44.990-04:00  INFO 13552 --- [cliente-service] [main] c.m.c.ClienteServiceApplication          : No active profile set, falling back to 1 default profile: "default"
2026-05-18T13:28:45.676-04:00  INFO 13552 --- [cliente-service] [main] .s.d.r.c.RepositoryConfigurationDelegate : Bootstrapping Spring Data JPA repositories in DEFAULT mode.
2026-05-18T13:28:45.722-04:00  INFO 13552 --- [cliente-service] [main] .s.d.r.c.RepositoryConfigurationDelegate : Finished Spring Data repository scanning in 39 ms. Found 1 JPA repository interface.
2026-05-18T13:28:46.255-04:00  INFO 13552 --- [cliente-service] [main] o.s.boot.tomcat.TomcatWebServer          : Tomcat initialized with port 8081 (http)
2026-05-18T13:28:46.267-04:00  INFO 13552 --- [cliente-service] [main] o.apache.catalina.core.StandardService   : Starting service [Tomcat]
2026-05-18T13:28:46.268-04:00  INFO 13552 --- [cliente-service] [main] o.apache.catalina.core.StandardEngine    : Starting Servlet engine: [Apache Tomcat/11.0.20]
2026-05-18T13:28:46.313-04:00  INFO 13552 --- [cliente-service] [main] b.w.c.s.WebApplicationContextInitializer : Root WebApplicationContext: initialization completed in 1274 ms
2026-05-18T13:28:46.515-04:00 DEBUG 13552 --- [cliente-service] [main] c.m.c.config.JwtAuthenticationFilter     : Filter 'jwtAuthenticationFilter' configured for use
2026-05-18T13:28:46.645-04:00  INFO 13552 --- [cliente-service] [main] org.hibernate.orm.jpa                    : HHH008540: Processing PersistenceUnitInfo [name: default]
2026-05-18T13:28:46.689-04:00  INFO 13552 --- [cliente-service] [main] org.hibernate.orm.core                   : HHH000001: Hibernate ORM core version 7.2.7.Final
2026-05-18T13:28:47.024-04:00  INFO 13552 --- [cliente-service] [main] o.s.o.j.p.SpringPersistenceUnitInfo      : No LoadTimeWeaver setup: ignoring JPA class transformer
2026-05-18T13:28:47.054-04:00  INFO 13552 --- [cliente-service] [main] com.zaxxer.hikari.HikariDataSource       : HikariPool-1 - Starting...
2026-05-18T13:28:47.363-04:00  INFO 13552 --- [cliente-service] [main] com.zaxxer.hikari.pool.HikariPool        : HikariPool-1 - Added connection com.mysql.cj.jdbc.ConnectionImpl@1203d787
2026-05-18T13:28:47.364-04:00  INFO 13552 --- [cliente-service] [main] com.zaxxer.hikari.HikariDataSource       : HikariPool-1 - Start completed.
2026-05-18T13:28:47.441-04:00  WARN 13552 --- [cliente-service] [main] org.hibernate.orm.jdbc                   : HHH100045: Could not obtain connection metadata: java.sql.SQLSyntaxErrorException: Unknown column 'RESERVED' in 'WHERE'
2026-05-18T13:28:47.452-04:00  WARN 13552 --- [cliente-service] [main] org.hibernate.orm.deprecation            : HHH90000025: MySQLDialect does not need to be specified explicitly using 'hibernate.dialect' (remove the property setting and it will be selected by default)
2026-05-18T13:28:47.461-04:00  INFO 13552 --- [cliente-service] [main] org.hibernate.orm.connections.pooling    : HHH10001005: Database info:
	Database JDBC URL [undefined/unknown]
	Database driver: undefined/unknown
	Database dialect: MySQLDialect
	Database version: 8.0
	Default catalog/schema: unknown/unknown
	Autocommit mode: undefined/unknown
	Isolation level: NONE [default NONE]
	JDBC fetch size: undefined/unknown
	Pool: DataSourceConnectionProvider
	Minimum pool size: undefined/unknown
	Maximum pool size: undefined/unknown
2026-05-18T13:28:48.184-04:00  INFO 13552 --- [cliente-service] [main] org.hibernate.orm.core                   : HHH000489: No JTA platform available (set 'hibernate.transaction.jta.platform' to enable JTA platform integration)
2026-05-18T13:28:48.307-04:00  INFO 13552 --- [cliente-service] [main] j.LocalContainerEntityManagerFactoryBean : Initialized JPA EntityManagerFactory for persistence unit 'default'
2026-05-18T13:28:48.399-04:00  INFO 13552 --- [cliente-service] [main] o.s.d.j.r.query.QueryEnhancerFactories   : Hibernate is in classpath; If applicable, HQL parser will be used.
2026-05-18T13:28:48.585-04:00  INFO 13552 --- [cliente-service] [main] r$InitializeUserDetailsManagerConfigurer : Global AuthenticationManager configured with UserDetailsService bean with name userDetailsService
2026-05-18T13:28:49.205-04:00  INFO 13552 --- [cliente-service] [main] o.s.boot.tomcat.TomcatWebServer          : Tomcat started on port 8081 (http) with context path '/'
2026-05-18T13:28:49.210-04:00  INFO 13552 --- [cliente-service] [main] c.m.c.ClienteServiceApplication          : Started ClienteServiceApplication in 4.581 seconds (process running for 5.074)
2026-05-18T13:28:49.481-04:00  INFO 13552 --- [cliente-service] [main] c.m.c.config.DataInitializer             : >>> DataInitalizer: La BD ya tiene datos, se omite la carga incial
2026-05-18T13:31:20.904-04:00  INFO 13552 --- [cliente-service] [SpringApplicationShutdownHook] o.s.boot.tomcat.GracefulShutdown         : Commencing graceful shutdown. Waiting for active requests to complete
2026-05-18T13:31:20.906-04:00  INFO 13552 --- [cliente-service] [tomcat-shutdown] o.s.boot.tomcat.GracefulShutdown         : Graceful shutdown complete
2026-05-18T13:31:20.910-04:00  INFO 13552 --- [cliente-service] [SpringApplicationShutdownHook] j.LocalContainerEntityManagerFactoryBean : Closing JPA EntityManagerFactory for persistence unit 'default'
2026-05-18T13:31:20.912-04:00  INFO 13552 --- [cliente-service] [SpringApplicationShutdownHook] com.zaxxer.hikari.HikariDataSource       : HikariPool-1 - Shutdown initiated...
2026-05-18T13:31:20.919-04:00  INFO 13552 --- [cliente-service] [SpringApplicationShutdownHook] com.zaxxer.hikari.HikariDataSource       : HikariPool-1 - Shutdown completed.
2026-05-18T13:31:22.293-04:00  INFO 14906 --- [cliente-service] [main] c.m.c.ClienteServiceApplication          : Starting ClienteServiceApplication using Java 21.0.10 with PID 14906 (/home/nicolas/Escritorio/proyecto-fullstack/cliente-service/target/classes started by nicolas in /home/nicolas/Escritorio/proyecto-fullstack/cliente-service)
2026-05-18T13:31:22.297-04:00 DEBUG 14906 --- [cliente-service] [main] c.m.c.ClienteServiceApplication          : Running with Spring Boot v4.0.5, Spring v7.0.6
2026-05-18T13:31:22.299-04:00  INFO 14906 --- [cliente-service] [main] c.m.c.ClienteServiceApplication          : No active profile set, falling back to 1 default profile: "default"
2026-05-18T13:31:23.079-04:00  INFO 14906 --- [cliente-service] [main] .s.d.r.c.RepositoryConfigurationDelegate : Bootstrapping Spring Data JPA repositories in DEFAULT mode.
2026-05-18T13:31:23.148-04:00  INFO 14906 --- [cliente-service] [main] .s.d.r.c.RepositoryConfigurationDelegate : Finished Spring Data repository scanning in 58 ms. Found 1 JPA repository interface.
2026-05-18T13:31:23.950-04:00  INFO 14906 --- [cliente-service] [main] o.s.boot.tomcat.TomcatWebServer          : Tomcat initialized with port 8081 (http)
2026-05-18T13:31:23.976-04:00  INFO 14906 --- [cliente-service] [main] o.apache.catalina.core.StandardService   : Starting service [Tomcat]
2026-05-18T13:31:23.977-04:00  INFO 14906 --- [cliente-service] [main] o.apache.catalina.core.StandardEngine    : Starting Servlet engine: [Apache Tomcat/11.0.20]
2026-05-18T13:31:24.056-04:00  INFO 14906 --- [cliente-service] [main] b.w.c.s.WebApplicationContextInitializer : Root WebApplicationContext: initialization completed in 1710 ms
2026-05-18T13:31:24.354-04:00 DEBUG 14906 --- [cliente-service] [main] c.m.c.config.JwtAuthenticationFilter     : Filter 'jwtAuthenticationFilter' configured for use
2026-05-18T13:31:24.558-04:00  INFO 14906 --- [cliente-service] [main] org.hibernate.orm.jpa                    : HHH008540: Processing PersistenceUnitInfo [name: default]
2026-05-18T13:31:24.606-04:00  INFO 14906 --- [cliente-service] [main] org.hibernate.orm.core                   : HHH000001: Hibernate ORM core version 7.2.7.Final
2026-05-18T13:31:25.016-04:00  INFO 14906 --- [cliente-service] [main] o.s.o.j.p.SpringPersistenceUnitInfo      : No LoadTimeWeaver setup: ignoring JPA class transformer
2026-05-18T13:31:25.049-04:00  INFO 14906 --- [cliente-service] [main] com.zaxxer.hikari.HikariDataSource       : HikariPool-1 - Starting...
2026-05-18T13:31:25.400-04:00  INFO 14906 --- [cliente-service] [main] com.zaxxer.hikari.pool.HikariPool        : HikariPool-1 - Added connection com.mysql.cj.jdbc.ConnectionImpl@79424f25
2026-05-18T13:31:25.402-04:00  INFO 14906 --- [cliente-service] [main] com.zaxxer.hikari.HikariDataSource       : HikariPool-1 - Start completed.
2026-05-18T13:31:25.483-04:00  WARN 14906 --- [cliente-service] [main] org.hibernate.orm.jdbc                   : HHH100045: Could not obtain connection metadata: java.sql.SQLSyntaxErrorException: Unknown column 'RESERVED' in 'WHERE'
2026-05-18T13:31:25.496-04:00  WARN 14906 --- [cliente-service] [main] org.hibernate.orm.deprecation            : HHH90000025: MySQLDialect does not need to be specified explicitly using 'hibernate.dialect' (remove the property setting and it will be selected by default)
2026-05-18T13:31:25.508-04:00  INFO 14906 --- [cliente-service] [main] org.hibernate.orm.connections.pooling    : HHH10001005: Database info:
	Database JDBC URL [undefined/unknown]
	Database driver: undefined/unknown
	Database dialect: MySQLDialect
	Database version: 8.0
	Default catalog/schema: unknown/unknown
	Autocommit mode: undefined/unknown
	Isolation level: NONE [default NONE]
	JDBC fetch size: undefined/unknown
	Pool: DataSourceConnectionProvider
	Minimum pool size: undefined/unknown
	Maximum pool size: undefined/unknown
2026-05-18T13:31:26.316-04:00  INFO 14906 --- [cliente-service] [main] org.hibernate.orm.core                   : HHH000489: No JTA platform available (set 'hibernate.transaction.jta.platform' to enable JTA platform integration)
2026-05-18T13:31:26.492-04:00  INFO 14906 --- [cliente-service] [main] j.LocalContainerEntityManagerFactoryBean : Initialized JPA EntityManagerFactory for persistence unit 'default'
2026-05-18T13:31:26.606-04:00  INFO 14906 --- [cliente-service] [main] o.s.d.j.r.query.QueryEnhancerFactories   : Hibernate is in classpath; If applicable, HQL parser will be used.
2026-05-18T13:31:26.891-04:00  INFO 14906 --- [cliente-service] [main] r$InitializeUserDetailsManagerConfigurer : Global AuthenticationManager configured with UserDetailsService bean with name userDetailsService
2026-05-18T13:31:27.804-04:00  INFO 14906 --- [cliente-service] [main] o.s.boot.tomcat.TomcatWebServer          : Tomcat started on port 8081 (http) with context path '/'
2026-05-18T13:31:27.813-04:00  INFO 14906 --- [cliente-service] [main] c.m.c.ClienteServiceApplication          : Started ClienteServiceApplication in 6.002 seconds (process running for 6.529)
2026-05-18T13:31:28.229-04:00  INFO 14906 --- [cliente-service] [main] c.m.c.config.DataInitializer             : >>> DataInitalizer: La BD ya tiene datos, se omite la carga incial
2026-05-18T13:35:38.188-04:00  INFO 1297 --- [cliente-service] [main] c.m.c.ClienteServiceApplication          : Starting ClienteServiceApplication using Java 21.0.11 with PID 1297 (/home/nicolas/Escritorio/proyecto-fullstack/cliente-service/target/classes started by nicolas in /home/nicolas/Escritorio/proyecto-fullstack/cliente-service)
2026-05-18T13:35:38.194-04:00 DEBUG 1297 --- [cliente-service] [main] c.m.c.ClienteServiceApplication          : Running with Spring Boot v4.0.5, Spring v7.0.6
2026-05-18T13:35:38.196-04:00  INFO 1297 --- [cliente-service] [main] c.m.c.ClienteServiceApplication          : No active profile set, falling back to 1 default profile: "default"
2026-05-18T13:35:38.959-04:00  INFO 1297 --- [cliente-service] [main] .s.d.r.c.RepositoryConfigurationDelegate : Bootstrapping Spring Data JPA repositories in DEFAULT mode.
2026-05-18T13:35:39.021-04:00  INFO 1297 --- [cliente-service] [main] .s.d.r.c.RepositoryConfigurationDelegate : Finished Spring Data repository scanning in 52 ms. Found 1 JPA repository interface.
2026-05-18T13:35:39.645-04:00  INFO 1297 --- [cliente-service] [main] o.s.boot.tomcat.TomcatWebServer          : Tomcat initialized with port 8081 (http)
2026-05-18T13:35:39.661-04:00  INFO 1297 --- [cliente-service] [main] o.apache.catalina.core.StandardService   : Starting service [Tomcat]
2026-05-18T13:35:39.661-04:00  INFO 1297 --- [cliente-service] [main] o.apache.catalina.core.StandardEngine    : Starting Servlet engine: [Apache Tomcat/11.0.20]
2026-05-18T13:35:39.707-04:00  INFO 1297 --- [cliente-service] [main] b.w.c.s.WebApplicationContextInitializer : Root WebApplicationContext: initialization completed in 1444 ms
2026-05-18T13:35:39.941-04:00 DEBUG 1297 --- [cliente-service] [main] c.m.c.config.JwtAuthenticationFilter     : Filter 'jwtAuthenticationFilter' configured for use
2026-05-18T13:35:40.159-04:00  INFO 1297 --- [cliente-service] [main] org.hibernate.orm.jpa                    : HHH008540: Processing PersistenceUnitInfo [name: default]
2026-05-18T13:35:40.215-04:00  INFO 1297 --- [cliente-service] [main] org.hibernate.orm.core                   : HHH000001: Hibernate ORM core version 7.2.7.Final
2026-05-18T13:35:40.592-04:00  INFO 1297 --- [cliente-service] [main] o.s.o.j.p.SpringPersistenceUnitInfo      : No LoadTimeWeaver setup: ignoring JPA class transformer
2026-05-18T13:35:40.612-04:00  INFO 1297 --- [cliente-service] [main] com.zaxxer.hikari.HikariDataSource       : HikariPool-1 - Starting...
2026-05-18T13:35:40.948-04:00  INFO 1297 --- [cliente-service] [main] com.zaxxer.hikari.pool.HikariPool        : HikariPool-1 - Added connection com.mysql.cj.jdbc.ConnectionImpl@6edb1e9c
2026-05-18T13:35:40.950-04:00  INFO 1297 --- [cliente-service] [main] com.zaxxer.hikari.HikariDataSource       : HikariPool-1 - Start completed.
2026-05-18T13:35:41.023-04:00  WARN 1297 --- [cliente-service] [main] org.hibernate.orm.jdbc                   : HHH100045: Could not obtain connection metadata: java.sql.SQLSyntaxErrorException: Unknown column 'RESERVED' in 'WHERE'
2026-05-18T13:35:41.034-04:00  WARN 1297 --- [cliente-service] [main] org.hibernate.orm.deprecation            : HHH90000025: MySQLDialect does not need to be specified explicitly using 'hibernate.dialect' (remove the property setting and it will be selected by default)
2026-05-18T13:35:41.042-04:00  INFO 1297 --- [cliente-service] [main] org.hibernate.orm.connections.pooling    : HHH10001005: Database info:
	Database JDBC URL [undefined/unknown]
	Database driver: undefined/unknown
	Database dialect: MySQLDialect
	Database version: 8.0
	Default catalog/schema: unknown/unknown
	Autocommit mode: undefined/unknown
	Isolation level: NONE [default NONE]
	JDBC fetch size: undefined/unknown
	Pool: DataSourceConnectionProvider
	Minimum pool size: undefined/unknown
	Maximum pool size: undefined/unknown
2026-05-18T13:35:41.823-04:00  INFO 1297 --- [cliente-service] [main] org.hibernate.orm.core                   : HHH000489: No JTA platform available (set 'hibernate.transaction.jta.platform' to enable JTA platform integration)
2026-05-18T13:35:41.946-04:00  INFO 1297 --- [cliente-service] [main] j.LocalContainerEntityManagerFactoryBean : Initialized JPA EntityManagerFactory for persistence unit 'default'
2026-05-18T13:35:42.013-04:00  INFO 1297 --- [cliente-service] [main] o.s.d.j.r.query.QueryEnhancerFactories   : Hibernate is in classpath; If applicable, HQL parser will be used.
2026-05-18T13:35:42.152-04:00  INFO 1297 --- [cliente-service] [main] r$InitializeUserDetailsManagerConfigurer : Global AuthenticationManager configured with UserDetailsService bean with name userDetailsService
2026-05-18T13:35:42.654-04:00  WARN 1297 --- [cliente-service] [main] ConfigServletWebServerApplicationContext : Exception encountered during context initialization - cancelling refresh attempt: org.springframework.context.ApplicationContextException: Failed to start bean 'webServerStartStop'
2026-05-18T13:35:42.655-04:00  INFO 1297 --- [cliente-service] [main] j.LocalContainerEntityManagerFactoryBean : Closing JPA EntityManagerFactory for persistence unit 'default'
2026-05-18T13:35:42.657-04:00  INFO 1297 --- [cliente-service] [main] com.zaxxer.hikari.HikariDataSource       : HikariPool-1 - Shutdown initiated...
2026-05-18T13:35:42.662-04:00  INFO 1297 --- [cliente-service] [main] com.zaxxer.hikari.HikariDataSource       : HikariPool-1 - Shutdown completed.
2026-05-18T13:35:42.669-04:00  INFO 1297 --- [cliente-service] [main] .s.b.a.l.ConditionEvaluationReportLogger : 

Error starting ApplicationContext. To display the condition evaluation report re-run your application with 'debug' enabled.
2026-05-18T13:35:42.677-04:00 ERROR 1297 --- [cliente-service] [main] o.s.boot.SpringApplication               : Application run failed

org.springframework.context.ApplicationContextException: Failed to start bean 'webServerStartStop'
	at org.springframework.context.support.DefaultLifecycleProcessor.doStart(DefaultLifecycleProcessor.java:423) ~[spring-context-7.0.6.jar:7.0.6]
	at org.springframework.context.support.DefaultLifecycleProcessor.doStart(DefaultLifecycleProcessor.java:409) ~[spring-context-7.0.6.jar:7.0.6]
	at org.springframework.context.support.DefaultLifecycleProcessor$LifecycleGroup.start(DefaultLifecycleProcessor.java:613) ~[spring-context-7.0.6.jar:7.0.6]
	at java.base/java.lang.Iterable.forEach(Iterable.java:75) ~[na:na]
	at org.springframework.context.support.DefaultLifecycleProcessor.startBeans(DefaultLifecycleProcessor.java:379) ~[spring-context-7.0.6.jar:7.0.6]
	at org.springframework.context.support.DefaultLifecycleProcessor.onRefresh(DefaultLifecycleProcessor.java:306) ~[spring-context-7.0.6.jar:7.0.6]
	at org.springframework.context.support.AbstractApplicationContext.finishRefresh(AbstractApplicationContext.java:1013) ~[spring-context-7.0.6.jar:7.0.6]
	at org.springframework.context.support.AbstractApplicationContext.refresh(AbstractApplicationContext.java:624) ~[spring-context-7.0.6.jar:7.0.6]
	at org.springframework.boot.web.server.servlet.context.ServletWebServerApplicationContext.refresh(ServletWebServerApplicationContext.java:143) ~[spring-boot-web-server-4.0.5.jar:4.0.5]
	at org.springframework.boot.SpringApplication.refresh(SpringApplication.java:756) ~[spring-boot-4.0.5.jar:4.0.5]
	at org.springframework.boot.SpringApplication.refreshContext(SpringApplication.java:445) ~[spring-boot-4.0.5.jar:4.0.5]
	at org.springframework.boot.SpringApplication.run(SpringApplication.java:321) ~[spring-boot-4.0.5.jar:4.0.5]
	at org.springframework.boot.SpringApplication.run(SpringApplication.java:1365) ~[spring-boot-4.0.5.jar:4.0.5]
	at org.springframework.boot.SpringApplication.run(SpringApplication.java:1354) ~[spring-boot-4.0.5.jar:4.0.5]
	at com.minimarket.cliente_service.ClienteServiceApplication.main(ClienteServiceApplication.java:10) ~[classes/:na]
Caused by: org.springframework.boot.web.server.WebServerException: Unable to start embedded Tomcat server
	at org.springframework.boot.tomcat.TomcatWebServer.start(TomcatWebServer.java:248) ~[spring-boot-tomcat-4.0.5.jar:4.0.5]
	at org.springframework.boot.web.server.servlet.context.WebServerStartStopLifecycle.start(WebServerStartStopLifecycle.java:44) ~[spring-boot-web-server-4.0.5.jar:4.0.5]
	at org.springframework.context.support.DefaultLifecycleProcessor.doStart(DefaultLifecycleProcessor.java:420) ~[spring-context-7.0.6.jar:7.0.6]
	... 14 common frames omitted
Caused by: java.lang.IllegalArgumentException: standardService.connector.startFailed
	at org.apache.catalina.core.StandardService.addConnector(StandardService.java:220) ~[tomcat-embed-core-11.0.20.jar:11.0.20]
	at org.springframework.boot.tomcat.TomcatWebServer.addPreviouslyRemovedConnectors(TomcatWebServer.java:307) ~[spring-boot-tomcat-4.0.5.jar:4.0.5]
	at org.springframework.boot.tomcat.TomcatWebServer.start(TomcatWebServer.java:233) ~[spring-boot-tomcat-4.0.5.jar:4.0.5]
	... 16 common frames omitted
Caused by: org.apache.catalina.LifecycleException: Protocol handler start failed
	at org.apache.catalina.connector.Connector.startInternal(Connector.java:1119) ~[tomcat-embed-core-11.0.20.jar:11.0.20]
	at org.apache.catalina.util.LifecycleBase.start(LifecycleBase.java:164) ~[tomcat-embed-core-11.0.20.jar:11.0.20]
	at org.apache.catalina.core.StandardService.addConnector(StandardService.java:217) ~[tomcat-embed-core-11.0.20.jar:11.0.20]
	... 18 common frames omitted
Caused by: java.net.BindException: La dirección ya se está usando
	at java.base/sun.nio.ch.Net.bind0(Native Method) ~[na:na]
	at java.base/sun.nio.ch.Net.bind(Net.java:577) ~[na:na]
	at java.base/sun.nio.ch.ServerSocketChannelImpl.netBind(ServerSocketChannelImpl.java:344) ~[na:na]
	at java.base/sun.nio.ch.ServerSocketChannelImpl.bind(ServerSocketChannelImpl.java:301) ~[na:na]
	at org.apache.tomcat.util.net.NioEndpoint.initServerSocket(NioEndpoint.java:265) ~[tomcat-embed-core-11.0.20.jar:11.0.20]
	at org.apache.tomcat.util.net.NioEndpoint.bind(NioEndpoint.java:220) ~[tomcat-embed-core-11.0.20.jar:11.0.20]
	at org.apache.tomcat.util.net.AbstractEndpoint.bindWithCleanup(AbstractEndpoint.java:1640) ~[tomcat-embed-core-11.0.20.jar:11.0.20]
	at org.apache.tomcat.util.net.AbstractEndpoint.start(AbstractEndpoint.java:1723) ~[tomcat-embed-core-11.0.20.jar:11.0.20]
	at org.apache.coyote.AbstractProtocol.start(AbstractProtocol.java:644) ~[tomcat-embed-core-11.0.20.jar:11.0.20]
	at org.apache.catalina.connector.Connector.startInternal(Connector.java:1116) ~[tomcat-embed-core-11.0.20.jar:11.0.20]
	... 20 common frames omitted

2026-05-18T13:37:05.999-04:00  INFO 1549 --- [cliente-service] [main] c.m.c.ClienteServiceApplication          : Starting ClienteServiceApplication using Java 21.0.11 with PID 1549 (/home/nicolas/Escritorio/proyecto-fullstack/cliente-service/target/classes started by nicolas in /home/nicolas/Escritorio/proyecto-fullstack/cliente-service)
2026-05-18T13:37:06.002-04:00 DEBUG 1549 --- [cliente-service] [main] c.m.c.ClienteServiceApplication          : Running with Spring Boot v4.0.5, Spring v7.0.6
2026-05-18T13:37:06.003-04:00  INFO 1549 --- [cliente-service] [main] c.m.c.ClienteServiceApplication          : No active profile set, falling back to 1 default profile: "default"
2026-05-18T13:37:06.591-04:00  INFO 1549 --- [cliente-service] [main] .s.d.r.c.RepositoryConfigurationDelegate : Bootstrapping Spring Data JPA repositories in DEFAULT mode.
2026-05-18T13:37:06.633-04:00  INFO 1549 --- [cliente-service] [main] .s.d.r.c.RepositoryConfigurationDelegate : Finished Spring Data repository scanning in 34 ms. Found 1 JPA repository interface.
2026-05-18T13:37:07.160-04:00  INFO 1549 --- [cliente-service] [main] o.s.boot.tomcat.TomcatWebServer          : Tomcat initialized with port 8081 (http)
2026-05-18T13:37:07.176-04:00  INFO 1549 --- [cliente-service] [main] o.apache.catalina.core.StandardService   : Starting service [Tomcat]
2026-05-18T13:37:07.176-04:00  INFO 1549 --- [cliente-service] [main] o.apache.catalina.core.StandardEngine    : Starting Servlet engine: [Apache Tomcat/11.0.20]
2026-05-18T13:37:07.215-04:00  INFO 1549 --- [cliente-service] [main] b.w.c.s.WebApplicationContextInitializer : Root WebApplicationContext: initialization completed in 1164 ms
2026-05-18T13:37:07.417-04:00 DEBUG 1549 --- [cliente-service] [main] c.m.c.config.JwtAuthenticationFilter     : Filter 'jwtAuthenticationFilter' configured for use
2026-05-18T13:37:07.557-04:00  INFO 1549 --- [cliente-service] [main] org.hibernate.orm.jpa                    : HHH008540: Processing PersistenceUnitInfo [name: default]
2026-05-18T13:37:07.594-04:00  INFO 1549 --- [cliente-service] [main] org.hibernate.orm.core                   : HHH000001: Hibernate ORM core version 7.2.7.Final
2026-05-18T13:37:07.896-04:00  INFO 1549 --- [cliente-service] [main] o.s.o.j.p.SpringPersistenceUnitInfo      : No LoadTimeWeaver setup: ignoring JPA class transformer
2026-05-18T13:37:07.917-04:00  INFO 1549 --- [cliente-service] [main] com.zaxxer.hikari.HikariDataSource       : HikariPool-1 - Starting...
2026-05-18T13:37:08.226-04:00  INFO 1549 --- [cliente-service] [main] com.zaxxer.hikari.pool.HikariPool        : HikariPool-1 - Added connection com.mysql.cj.jdbc.ConnectionImpl@75d7297d
2026-05-18T13:37:08.227-04:00  INFO 1549 --- [cliente-service] [main] com.zaxxer.hikari.HikariDataSource       : HikariPool-1 - Start completed.
2026-05-18T13:37:08.312-04:00  WARN 1549 --- [cliente-service] [main] org.hibernate.orm.jdbc                   : HHH100045: Could not obtain connection metadata: java.sql.SQLSyntaxErrorException: Unknown column 'RESERVED' in 'WHERE'
2026-05-18T13:37:08.323-04:00  WARN 1549 --- [cliente-service] [main] org.hibernate.orm.deprecation            : HHH90000025: MySQLDialect does not need to be specified explicitly using 'hibernate.dialect' (remove the property setting and it will be selected by default)
2026-05-18T13:37:08.333-04:00  INFO 1549 --- [cliente-service] [main] org.hibernate.orm.connections.pooling    : HHH10001005: Database info:
	Database JDBC URL [undefined/unknown]
	Database driver: undefined/unknown
	Database dialect: MySQLDialect
	Database version: 8.0
	Default catalog/schema: unknown/unknown
	Autocommit mode: undefined/unknown
	Isolation level: NONE [default NONE]
	JDBC fetch size: undefined/unknown
	Pool: DataSourceConnectionProvider
	Minimum pool size: undefined/unknown
	Maximum pool size: undefined/unknown
2026-05-18T13:37:08.951-04:00  INFO 1549 --- [cliente-service] [main] org.hibernate.orm.core                   : HHH000489: No JTA platform available (set 'hibernate.transaction.jta.platform' to enable JTA platform integration)
2026-05-18T13:37:09.058-04:00  INFO 1549 --- [cliente-service] [main] j.LocalContainerEntityManagerFactoryBean : Initialized JPA EntityManagerFactory for persistence unit 'default'
2026-05-18T13:37:09.117-04:00  INFO 1549 --- [cliente-service] [main] o.s.d.j.r.query.QueryEnhancerFactories   : Hibernate is in classpath; If applicable, HQL parser will be used.
2026-05-18T13:37:09.251-04:00  INFO 1549 --- [cliente-service] [main] r$InitializeUserDetailsManagerConfigurer : Global AuthenticationManager configured with UserDetailsService bean with name userDetailsService
2026-05-18T13:37:09.726-04:00  WARN 1549 --- [cliente-service] [main] ConfigServletWebServerApplicationContext : Exception encountered during context initialization - cancelling refresh attempt: org.springframework.context.ApplicationContextException: Failed to start bean 'webServerStartStop'
2026-05-18T13:37:09.728-04:00  INFO 1549 --- [cliente-service] [main] j.LocalContainerEntityManagerFactoryBean : Closing JPA EntityManagerFactory for persistence unit 'default'
2026-05-18T13:37:09.729-04:00  INFO 1549 --- [cliente-service] [main] com.zaxxer.hikari.HikariDataSource       : HikariPool-1 - Shutdown initiated...
2026-05-18T13:37:09.735-04:00  INFO 1549 --- [cliente-service] [main] com.zaxxer.hikari.HikariDataSource       : HikariPool-1 - Shutdown completed.
2026-05-18T13:37:09.741-04:00  INFO 1549 --- [cliente-service] [main] .s.b.a.l.ConditionEvaluationReportLogger : 

Error starting ApplicationContext. To display the condition evaluation report re-run your application with 'debug' enabled.
2026-05-18T13:37:09.750-04:00 ERROR 1549 --- [cliente-service] [main] o.s.boot.SpringApplication               : Application run failed

org.springframework.context.ApplicationContextException: Failed to start bean 'webServerStartStop'
	at org.springframework.context.support.DefaultLifecycleProcessor.doStart(DefaultLifecycleProcessor.java:423) ~[spring-context-7.0.6.jar:7.0.6]
	at org.springframework.context.support.DefaultLifecycleProcessor.doStart(DefaultLifecycleProcessor.java:409) ~[spring-context-7.0.6.jar:7.0.6]
	at org.springframework.context.support.DefaultLifecycleProcessor$LifecycleGroup.start(DefaultLifecycleProcessor.java:613) ~[spring-context-7.0.6.jar:7.0.6]
	at java.base/java.lang.Iterable.forEach(Iterable.java:75) ~[na:na]
	at org.springframework.context.support.DefaultLifecycleProcessor.startBeans(DefaultLifecycleProcessor.java:379) ~[spring-context-7.0.6.jar:7.0.6]
	at org.springframework.context.support.DefaultLifecycleProcessor.onRefresh(DefaultLifecycleProcessor.java:306) ~[spring-context-7.0.6.jar:7.0.6]
	at org.springframework.context.support.AbstractApplicationContext.finishRefresh(AbstractApplicationContext.java:1013) ~[spring-context-7.0.6.jar:7.0.6]
	at org.springframework.context.support.AbstractApplicationContext.refresh(AbstractApplicationContext.java:624) ~[spring-context-7.0.6.jar:7.0.6]
	at org.springframework.boot.web.server.servlet.context.ServletWebServerApplicationContext.refresh(ServletWebServerApplicationContext.java:143) ~[spring-boot-web-server-4.0.5.jar:4.0.5]
	at org.springframework.boot.SpringApplication.refresh(SpringApplication.java:756) ~[spring-boot-4.0.5.jar:4.0.5]
	at org.springframework.boot.SpringApplication.refreshContext(SpringApplication.java:445) ~[spring-boot-4.0.5.jar:4.0.5]
	at org.springframework.boot.SpringApplication.run(SpringApplication.java:321) ~[spring-boot-4.0.5.jar:4.0.5]
	at org.springframework.boot.SpringApplication.run(SpringApplication.java:1365) ~[spring-boot-4.0.5.jar:4.0.5]
	at org.springframework.boot.SpringApplication.run(SpringApplication.java:1354) ~[spring-boot-4.0.5.jar:4.0.5]
	at com.minimarket.cliente_service.ClienteServiceApplication.main(ClienteServiceApplication.java:10) ~[classes/:na]
Caused by: org.springframework.boot.web.server.WebServerException: Unable to start embedded Tomcat server
	at org.springframework.boot.tomcat.TomcatWebServer.start(TomcatWebServer.java:248) ~[spring-boot-tomcat-4.0.5.jar:4.0.5]
	at org.springframework.boot.web.server.servlet.context.WebServerStartStopLifecycle.start(WebServerStartStopLifecycle.java:44) ~[spring-boot-web-server-4.0.5.jar:4.0.5]
	at org.springframework.context.support.DefaultLifecycleProcessor.doStart(DefaultLifecycleProcessor.java:420) ~[spring-context-7.0.6.jar:7.0.6]
	... 14 common frames omitted
Caused by: java.lang.IllegalArgumentException: standardService.connector.startFailed
	at org.apache.catalina.core.StandardService.addConnector(StandardService.java:220) ~[tomcat-embed-core-11.0.20.jar:11.0.20]
	at org.springframework.boot.tomcat.TomcatWebServer.addPreviouslyRemovedConnectors(TomcatWebServer.java:307) ~[spring-boot-tomcat-4.0.5.jar:4.0.5]
	at org.springframework.boot.tomcat.TomcatWebServer.start(TomcatWebServer.java:233) ~[spring-boot-tomcat-4.0.5.jar:4.0.5]
	... 16 common frames omitted
Caused by: org.apache.catalina.LifecycleException: Protocol handler start failed
	at org.apache.catalina.connector.Connector.startInternal(Connector.java:1119) ~[tomcat-embed-core-11.0.20.jar:11.0.20]
	at org.apache.catalina.util.LifecycleBase.start(LifecycleBase.java:164) ~[tomcat-embed-core-11.0.20.jar:11.0.20]
	at org.apache.catalina.core.StandardService.addConnector(StandardService.java:217) ~[tomcat-embed-core-11.0.20.jar:11.0.20]
	... 18 common frames omitted
Caused by: java.net.BindException: La dirección ya se está usando
	at java.base/sun.nio.ch.Net.bind0(Native Method) ~[na:na]
	at java.base/sun.nio.ch.Net.bind(Net.java:577) ~[na:na]
	at java.base/sun.nio.ch.ServerSocketChannelImpl.netBind(ServerSocketChannelImpl.java:344) ~[na:na]
	at java.base/sun.nio.ch.ServerSocketChannelImpl.bind(ServerSocketChannelImpl.java:301) ~[na:na]
	at org.apache.tomcat.util.net.NioEndpoint.initServerSocket(NioEndpoint.java:265) ~[tomcat-embed-core-11.0.20.jar:11.0.20]
	at org.apache.tomcat.util.net.NioEndpoint.bind(NioEndpoint.java:220) ~[tomcat-embed-core-11.0.20.jar:11.0.20]
	at org.apache.tomcat.util.net.AbstractEndpoint.bindWithCleanup(AbstractEndpoint.java:1640) ~[tomcat-embed-core-11.0.20.jar:11.0.20]
	at org.apache.tomcat.util.net.AbstractEndpoint.start(AbstractEndpoint.java:1723) ~[tomcat-embed-core-11.0.20.jar:11.0.20]
	at org.apache.coyote.AbstractProtocol.start(AbstractProtocol.java:644) ~[tomcat-embed-core-11.0.20.jar:11.0.20]
	at org.apache.catalina.connector.Connector.startInternal(Connector.java:1116) ~[tomcat-embed-core-11.0.20.jar:11.0.20]
	... 20 common frames omitted

2026-05-18T13:38:13.879-04:00  INFO 1703 --- [cliente-service] [main] c.m.c.ClienteServiceApplication          : Starting ClienteServiceApplication using Java 21.0.11 with PID 1703 (/home/nicolas/Escritorio/proyecto-fullstack/cliente-service/target/classes started by nicolas in /home/nicolas/Escritorio/proyecto-fullstack/cliente-service)
2026-05-18T13:38:13.881-04:00 DEBUG 1703 --- [cliente-service] [main] c.m.c.ClienteServiceApplication          : Running with Spring Boot v4.0.5, Spring v7.0.6
2026-05-18T13:38:13.882-04:00  INFO 1703 --- [cliente-service] [main] c.m.c.ClienteServiceApplication          : No active profile set, falling back to 1 default profile: "default"
2026-05-18T13:38:14.484-04:00  INFO 1703 --- [cliente-service] [main] .s.d.r.c.RepositoryConfigurationDelegate : Bootstrapping Spring Data JPA repositories in DEFAULT mode.
2026-05-18T13:38:14.526-04:00  INFO 1703 --- [cliente-service] [main] .s.d.r.c.RepositoryConfigurationDelegate : Finished Spring Data repository scanning in 35 ms. Found 1 JPA repository interface.
2026-05-18T13:38:14.975-04:00  INFO 1703 --- [cliente-service] [main] o.s.boot.tomcat.TomcatWebServer          : Tomcat initialized with port 8081 (http)
2026-05-18T13:38:14.986-04:00  INFO 1703 --- [cliente-service] [main] o.apache.catalina.core.StandardService   : Starting service [Tomcat]
2026-05-18T13:38:14.986-04:00  INFO 1703 --- [cliente-service] [main] o.apache.catalina.core.StandardEngine    : Starting Servlet engine: [Apache Tomcat/11.0.20]
2026-05-18T13:38:15.016-04:00  INFO 1703 --- [cliente-service] [main] b.w.c.s.WebApplicationContextInitializer : Root WebApplicationContext: initialization completed in 1081 ms
2026-05-18T13:38:15.194-04:00 DEBUG 1703 --- [cliente-service] [main] c.m.c.config.JwtAuthenticationFilter     : Filter 'jwtAuthenticationFilter' configured for use
2026-05-18T13:38:15.315-04:00  INFO 1703 --- [cliente-service] [main] org.hibernate.orm.jpa                    : HHH008540: Processing PersistenceUnitInfo [name: default]
2026-05-18T13:38:15.347-04:00  INFO 1703 --- [cliente-service] [main] org.hibernate.orm.core                   : HHH000001: Hibernate ORM core version 7.2.7.Final
2026-05-18T13:38:15.623-04:00  INFO 1703 --- [cliente-service] [main] o.s.o.j.p.SpringPersistenceUnitInfo      : No LoadTimeWeaver setup: ignoring JPA class transformer
2026-05-18T13:38:15.643-04:00  INFO 1703 --- [cliente-service] [main] com.zaxxer.hikari.HikariDataSource       : HikariPool-1 - Starting...
2026-05-18T13:38:15.903-04:00  INFO 1703 --- [cliente-service] [main] com.zaxxer.hikari.pool.HikariPool        : HikariPool-1 - Added connection com.mysql.cj.jdbc.ConnectionImpl@75d7297d
2026-05-18T13:38:15.905-04:00  INFO 1703 --- [cliente-service] [main] com.zaxxer.hikari.HikariDataSource       : HikariPool-1 - Start completed.
2026-05-18T13:38:15.976-04:00  WARN 1703 --- [cliente-service] [main] org.hibernate.orm.jdbc                   : HHH100045: Could not obtain connection metadata: java.sql.SQLSyntaxErrorException: Unknown column 'RESERVED' in 'WHERE'
2026-05-18T13:38:15.986-04:00  WARN 1703 --- [cliente-service] [main] org.hibernate.orm.deprecation            : HHH90000025: MySQLDialect does not need to be specified explicitly using 'hibernate.dialect' (remove the property setting and it will be selected by default)
2026-05-18T13:38:15.993-04:00  INFO 1703 --- [cliente-service] [main] org.hibernate.orm.connections.pooling    : HHH10001005: Database info:
	Database JDBC URL [undefined/unknown]
	Database driver: undefined/unknown
	Database dialect: MySQLDialect
	Database version: 8.0
	Default catalog/schema: unknown/unknown
	Autocommit mode: undefined/unknown
	Isolation level: NONE [default NONE]
	JDBC fetch size: undefined/unknown
	Pool: DataSourceConnectionProvider
	Minimum pool size: undefined/unknown
	Maximum pool size: undefined/unknown
2026-05-18T13:38:16.278-04:00 ERROR 1703 --- [cliente-service] [main] j.LocalContainerEntityManagerFactoryBean : Failed to initialize JPA EntityManagerFactory: Unable to build Hibernate SessionFactory  [persistence unit: default] ; nested exception is java.lang.IllegalArgumentException: Unrecognized 'hibernate.hbm2ddl.auto' setting: 'update-drop'
2026-05-18T13:38:16.278-04:00  WARN 1703 --- [cliente-service] [main] ConfigServletWebServerApplicationContext : Exception encountered during context initialization - cancelling refresh attempt: org.springframework.beans.factory.BeanCreationException: Error creating bean with name 'entityManagerFactory' defined in class path resource [org/springframework/boot/hibernate/autoconfigure/HibernateJpaConfiguration.class]: Unable to build Hibernate SessionFactory  [persistence unit: default] ; nested exception is java.lang.IllegalArgumentException: Unrecognized 'hibernate.hbm2ddl.auto' setting: 'update-drop'
2026-05-18T13:38:16.278-04:00  INFO 1703 --- [cliente-service] [main] com.zaxxer.hikari.HikariDataSource       : HikariPool-1 - Shutdown initiated...
2026-05-18T13:38:16.297-04:00  INFO 1703 --- [cliente-service] [main] com.zaxxer.hikari.HikariDataSource       : HikariPool-1 - Shutdown completed.
2026-05-18T13:38:16.299-04:00  INFO 1703 --- [cliente-service] [main] o.apache.catalina.core.StandardService   : Stopping service [Tomcat]
2026-05-18T13:38:16.304-04:00  INFO 1703 --- [cliente-service] [main] .s.b.a.l.ConditionEvaluationReportLogger : 

Error starting ApplicationContext. To display the condition evaluation report re-run your application with 'debug' enabled.
2026-05-18T13:38:16.313-04:00 ERROR 1703 --- [cliente-service] [main] o.s.boot.SpringApplication               : Application run failed

org.springframework.beans.factory.BeanCreationException: Error creating bean with name 'entityManagerFactory' defined in class path resource [org/springframework/boot/hibernate/autoconfigure/HibernateJpaConfiguration.class]: Unable to build Hibernate SessionFactory  [persistence unit: default] ; nested exception is java.lang.IllegalArgumentException: Unrecognized 'hibernate.hbm2ddl.auto' setting: 'update-drop'
	at org.springframework.beans.factory.support.AbstractAutowireCapableBeanFactory.initializeBean(AbstractAutowireCapableBeanFactory.java:1817) ~[spring-beans-7.0.6.jar:7.0.6]
	at org.springframework.beans.factory.support.AbstractAutowireCapableBeanFactory.doCreateBean(AbstractAutowireCapableBeanFactory.java:603) ~[spring-beans-7.0.6.jar:7.0.6]
	at org.springframework.beans.factory.support.AbstractAutowireCapableBeanFactory.createBean(AbstractAutowireCapableBeanFactory.java:525) ~[spring-beans-7.0.6.jar:7.0.6]
	at org.springframework.beans.factory.support.AbstractBeanFactory.lambda$doGetBean$0(AbstractBeanFactory.java:333) ~[spring-beans-7.0.6.jar:7.0.6]
	at org.springframework.beans.factory.support.DefaultSingletonBeanRegistry.getSingleton(DefaultSingletonBeanRegistry.java:371) ~[spring-beans-7.0.6.jar:7.0.6]
	at org.springframework.beans.factory.support.AbstractBeanFactory.doGetBean(AbstractBeanFactory.java:331) ~[spring-beans-7.0.6.jar:7.0.6]
	at org.springframework.beans.factory.support.AbstractBeanFactory.getBean(AbstractBeanFactory.java:201) ~[spring-beans-7.0.6.jar:7.0.6]
	at org.springframework.context.support.AbstractApplicationContext.finishBeanFactoryInitialization(AbstractApplicationContext.java:977) ~[spring-context-7.0.6.jar:7.0.6]
	at org.springframework.context.support.AbstractApplicationContext.refresh(AbstractApplicationContext.java:621) ~[spring-context-7.0.6.jar:7.0.6]
	at org.springframework.boot.web.server.servlet.context.ServletWebServerApplicationContext.refresh(ServletWebServerApplicationContext.java:143) ~[spring-boot-web-server-4.0.5.jar:4.0.5]
	at org.springframework.boot.SpringApplication.refresh(SpringApplication.java:756) ~[spring-boot-4.0.5.jar:4.0.5]
	at org.springframework.boot.SpringApplication.refreshContext(SpringApplication.java:445) ~[spring-boot-4.0.5.jar:4.0.5]
	at org.springframework.boot.SpringApplication.run(SpringApplication.java:321) ~[spring-boot-4.0.5.jar:4.0.5]
	at org.springframework.boot.SpringApplication.run(SpringApplication.java:1365) ~[spring-boot-4.0.5.jar:4.0.5]
	at org.springframework.boot.SpringApplication.run(SpringApplication.java:1354) ~[spring-boot-4.0.5.jar:4.0.5]
	at com.minimarket.cliente_service.ClienteServiceApplication.main(ClienteServiceApplication.java:10) ~[classes/:na]
Caused by: jakarta.persistence.PersistenceException: Unable to build Hibernate SessionFactory  [persistence unit: default] ; nested exception is java.lang.IllegalArgumentException: Unrecognized 'hibernate.hbm2ddl.auto' setting: 'update-drop'
	at org.springframework.orm.jpa.AbstractEntityManagerFactoryBean.buildNativeEntityManagerFactory(AbstractEntityManagerFactoryBean.java:448) ~[spring-orm-7.0.6.jar:7.0.6]
	at org.springframework.orm.jpa.AbstractEntityManagerFactoryBean.afterPropertiesSet(AbstractEntityManagerFactoryBean.java:411) ~[spring-orm-7.0.6.jar:7.0.6]
	at org.springframework.orm.jpa.LocalContainerEntityManagerFactoryBean.afterPropertiesSet(LocalContainerEntityManagerFactoryBean.java:419) ~[spring-orm-7.0.6.jar:7.0.6]
	at org.springframework.beans.factory.support.AbstractAutowireCapableBeanFactory.invokeInitMethods(AbstractAutowireCapableBeanFactory.java:1864) ~[spring-beans-7.0.6.jar:7.0.6]
	at org.springframework.beans.factory.support.AbstractAutowireCapableBeanFactory.initializeBean(AbstractAutowireCapableBeanFactory.java:1813) ~[spring-beans-7.0.6.jar:7.0.6]
	... 15 common frames omitted
Caused by: java.lang.IllegalArgumentException: Unrecognized 'hibernate.hbm2ddl.auto' setting: 'update-drop'
	at org.hibernate.tool.schema.Action.interpretHbm2ddlSetting(Action.java:321) ~[hibernate-core-7.2.7.Final.jar:7.2.7.Final]
	at org.hibernate.tool.schema.spi.SchemaManagementToolCoordinator$ActionGrouping.determineAutoSettingImpliedAction(SchemaManagementToolCoordinator.java:729) ~[hibernate-core-7.2.7.Final.jar:7.2.7.Final]
	at org.hibernate.tool.schema.spi.SchemaManagementToolCoordinator$ActionGrouping.interpret(SchemaManagementToolCoordinator.java:739) ~[hibernate-core-7.2.7.Final.jar:7.2.7.Final]
	at org.hibernate.tool.schema.spi.SchemaManagementToolCoordinator$ActionGrouping.interpret(SchemaManagementToolCoordinator.java:780) ~[hibernate-core-7.2.7.Final.jar:7.2.7.Final]
	at org.hibernate.boot.internal.MetadataImpl.shouldOrderTableColumns(MetadataImpl.java:445) ~[hibernate-core-7.2.7.Final.jar:7.2.7.Final]
	at org.hibernate.boot.internal.MetadataImpl.orderColumns(MetadataImpl.java:363) ~[hibernate-core-7.2.7.Final.jar:7.2.7.Final]
	at org.hibernate.internal.SessionFactoryImpl.<init>(SessionFactoryImpl.java:264) ~[hibernate-core-7.2.7.Final.jar:7.2.7.Final]
	at org.hibernate.internal.SessionFactoryRegistry.instantiateSessionFactory(SessionFactoryRegistry.java:64) ~[hibernate-core-7.2.7.Final.jar:7.2.7.Final]
	at org.hibernate.boot.internal.SessionFactoryBuilderImpl.build(SessionFactoryBuilderImpl.java:437) ~[hibernate-core-7.2.7.Final.jar:7.2.7.Final]
	at org.hibernate.jpa.boot.internal.EntityManagerFactoryBuilderImpl.build(EntityManagerFactoryBuilderImpl.java:1456) ~[hibernate-core-7.2.7.Final.jar:7.2.7.Final]
	at org.springframework.orm.jpa.vendor.SpringHibernateJpaPersistenceProvider.createContainerEntityManagerFactory(SpringHibernateJpaPersistenceProvider.java:93) ~[spring-orm-7.0.6.jar:7.0.6]
	at org.springframework.orm.jpa.LocalContainerEntityManagerFactoryBean.createNativeEntityManagerFactory(LocalContainerEntityManagerFactoryBean.java:443) ~[spring-orm-7.0.6.jar:7.0.6]
	at org.springframework.orm.jpa.AbstractEntityManagerFactoryBean.buildNativeEntityManagerFactory(AbstractEntityManagerFactoryBean.java:436) ~[spring-orm-7.0.6.jar:7.0.6]
	... 19 common frames omitted

2026-05-18T13:38:36.695-04:00  INFO 1798 --- [cliente-service] [main] c.m.c.ClienteServiceApplication          : Starting ClienteServiceApplication using Java 21.0.11 with PID 1798 (/home/nicolas/Escritorio/proyecto-fullstack/cliente-service/target/classes started by nicolas in /home/nicolas/Escritorio/proyecto-fullstack/cliente-service)
2026-05-18T13:38:36.698-04:00 DEBUG 1798 --- [cliente-service] [main] c.m.c.ClienteServiceApplication          : Running with Spring Boot v4.0.5, Spring v7.0.6
2026-05-18T13:38:36.699-04:00  INFO 1798 --- [cliente-service] [main] c.m.c.ClienteServiceApplication          : No active profile set, falling back to 1 default profile: "default"
2026-05-18T13:38:37.319-04:00  INFO 1798 --- [cliente-service] [main] .s.d.r.c.RepositoryConfigurationDelegate : Bootstrapping Spring Data JPA repositories in DEFAULT mode.
2026-05-18T13:38:37.357-04:00  INFO 1798 --- [cliente-service] [main] .s.d.r.c.RepositoryConfigurationDelegate : Finished Spring Data repository scanning in 31 ms. Found 1 JPA repository interface.
2026-05-18T13:38:37.788-04:00  INFO 1798 --- [cliente-service] [main] o.s.boot.tomcat.TomcatWebServer          : Tomcat initialized with port 8081 (http)
2026-05-18T13:38:37.800-04:00  INFO 1798 --- [cliente-service] [main] o.apache.catalina.core.StandardService   : Starting service [Tomcat]
2026-05-18T13:38:37.800-04:00  INFO 1798 --- [cliente-service] [main] o.apache.catalina.core.StandardEngine    : Starting Servlet engine: [Apache Tomcat/11.0.20]
2026-05-18T13:38:37.831-04:00  INFO 1798 --- [cliente-service] [main] b.w.c.s.WebApplicationContextInitializer : Root WebApplicationContext: initialization completed in 1077 ms
2026-05-18T13:38:38.016-04:00 DEBUG 1798 --- [cliente-service] [main] c.m.c.config.JwtAuthenticationFilter     : Filter 'jwtAuthenticationFilter' configured for use
2026-05-18T13:38:38.145-04:00  INFO 1798 --- [cliente-service] [main] org.hibernate.orm.jpa                    : HHH008540: Processing PersistenceUnitInfo [name: default]
2026-05-18T13:38:38.177-04:00  INFO 1798 --- [cliente-service] [main] org.hibernate.orm.core                   : HHH000001: Hibernate ORM core version 7.2.7.Final
2026-05-18T13:38:38.452-04:00  INFO 1798 --- [cliente-service] [main] o.s.o.j.p.SpringPersistenceUnitInfo      : No LoadTimeWeaver setup: ignoring JPA class transformer
2026-05-18T13:38:38.476-04:00  INFO 1798 --- [cliente-service] [main] com.zaxxer.hikari.HikariDataSource       : HikariPool-1 - Starting...
2026-05-18T13:38:38.720-04:00  INFO 1798 --- [cliente-service] [main] com.zaxxer.hikari.pool.HikariPool        : HikariPool-1 - Added connection com.mysql.cj.jdbc.ConnectionImpl@56e8a8a0
2026-05-18T13:38:38.721-04:00  INFO 1798 --- [cliente-service] [main] com.zaxxer.hikari.HikariDataSource       : HikariPool-1 - Start completed.
2026-05-18T13:38:38.792-04:00  WARN 1798 --- [cliente-service] [main] org.hibernate.orm.jdbc                   : HHH100045: Could not obtain connection metadata: java.sql.SQLSyntaxErrorException: Unknown column 'RESERVED' in 'WHERE'
2026-05-18T13:38:38.792-04:00  WARN 1798 --- [cliente-service] [main] org.hibernate.orm.jdbc                   : HHH100046: Could not obtain connection to query JDBC database metadata

org.hibernate.HibernateException: Unable to determine Dialect without JDBC metadata (please set 'jakarta.persistence.jdbc.url' for common cases or 'hibernate.dialect' when a custom Dialect implementation must be provided)
	at org.hibernate.engine.jdbc.dialect.internal.DialectFactoryImpl.determineDialect(DialectFactoryImpl.java:190) ~[hibernate-core-7.2.7.Final.jar:7.2.7.Final]
	at org.hibernate.engine.jdbc.dialect.internal.DialectFactoryImpl.buildDialect(DialectFactoryImpl.java:86) ~[hibernate-core-7.2.7.Final.jar:7.2.7.Final]
	at org.hibernate.engine.jdbc.env.internal.JdbcEnvironmentInitiator.getJdbcEnvironmentWithDefaults(JdbcEnvironmentInitiator.java:200) ~[hibernate-core-7.2.7.Final.jar:7.2.7.Final]
	at org.hibernate.engine.jdbc.env.internal.JdbcEnvironmentInitiator$1.execute(JdbcEnvironmentInitiator.java:413) ~[hibernate-core-7.2.7.Final.jar:7.2.7.Final]
	at org.hibernate.engine.jdbc.env.internal.JdbcEnvironmentInitiator$1.execute(JdbcEnvironmentInitiator.java:367) ~[hibernate-core-7.2.7.Final.jar:7.2.7.Final]
	at org.hibernate.jdbc.WorkExecutor.executeReturningWork(WorkExecutor.java:56) ~[hibernate-core-7.2.7.Final.jar:7.2.7.Final]
	at org.hibernate.jdbc.AbstractReturningWork.accept(AbstractReturningWork.java:32) ~[hibernate-core-7.2.7.Final.jar:7.2.7.Final]
	at org.hibernate.resource.transaction.backend.jdbc.internal.JdbcIsolationDelegate.doWorkAndCommit(JdbcIsolationDelegate.java:89) ~[hibernate-core-7.2.7.Final.jar:7.2.7.Final]
	at org.hibernate.resource.transaction.backend.jdbc.internal.JdbcIsolationDelegate.delegateWork(JdbcIsolationDelegate.java:64) ~[hibernate-core-7.2.7.Final.jar:7.2.7.Final]
	at org.hibernate.engine.jdbc.env.internal.JdbcEnvironmentInitiator.getJdbcEnvironmentUsingJdbcMetadata(JdbcEnvironmentInitiator.java:366) ~[hibernate-core-7.2.7.Final.jar:7.2.7.Final]
	at org.hibernate.engine.jdbc.env.internal.JdbcEnvironmentInitiator.getJdbcEnvironment(JdbcEnvironmentInitiator.java:143) ~[hibernate-core-7.2.7.Final.jar:7.2.7.Final]
	at org.hibernate.engine.jdbc.env.internal.JdbcEnvironmentInitiator.initiateService(JdbcEnvironmentInitiator.java:120) ~[hibernate-core-7.2.7.Final.jar:7.2.7.Final]
	at org.hibernate.engine.jdbc.env.internal.JdbcEnvironmentInitiator.initiateService(JdbcEnvironmentInitiator.java:80) ~[hibernate-core-7.2.7.Final.jar:7.2.7.Final]
	at org.hibernate.boot.registry.internal.StandardServiceRegistryImpl.initiateService(StandardServiceRegistryImpl.java:133) ~[hibernate-core-7.2.7.Final.jar:7.2.7.Final]
	at org.hibernate.service.internal.AbstractServiceRegistryImpl.createService(AbstractServiceRegistryImpl.java:260) ~[hibernate-core-7.2.7.Final.jar:7.2.7.Final]
	at org.hibernate.service.internal.AbstractServiceRegistryImpl.initializeService(AbstractServiceRegistryImpl.java:235) ~[hibernate-core-7.2.7.Final.jar:7.2.7.Final]
	at org.hibernate.service.internal.AbstractServiceRegistryImpl.getService(AbstractServiceRegistryImpl.java:212) ~[hibernate-core-7.2.7.Final.jar:7.2.7.Final]
	at org.hibernate.boot.model.relational.Database.<init>(Database.java:44) ~[hibernate-core-7.2.7.Final.jar:7.2.7.Final]
	at org.hibernate.boot.internal.InFlightMetadataCollectorImpl.getDatabase(InFlightMetadataCollectorImpl.java:251) ~[hibernate-core-7.2.7.Final.jar:7.2.7.Final]
	at org.hibernate.boot.internal.InFlightMetadataCollectorImpl.<init>(InFlightMetadataCollectorImpl.java:203) ~[hibernate-core-7.2.7.Final.jar:7.2.7.Final]
	at org.hibernate.boot.model.process.spi.MetadataBuildingProcess.complete(MetadataBuildingProcess.java:172) ~[hibernate-core-7.2.7.Final.jar:7.2.7.Final]
	at org.hibernate.jpa.boot.internal.EntityManagerFactoryBuilderImpl.metadata(EntityManagerFactoryBuilderImpl.java:1392) ~[hibernate-core-7.2.7.Final.jar:7.2.7.Final]
	at org.hibernate.jpa.boot.internal.EntityManagerFactoryBuilderImpl.populateSessionFactoryBuilder(EntityManagerFactoryBuilderImpl.java:1472) ~[hibernate-core-7.2.7.Final.jar:7.2.7.Final]
	at org.hibernate.jpa.boot.internal.EntityManagerFactoryBuilderImpl.build(EntityManagerFactoryBuilderImpl.java:1454) ~[hibernate-core-7.2.7.Final.jar:7.2.7.Final]
	at org.springframework.orm.jpa.vendor.SpringHibernateJpaPersistenceProvider.createContainerEntityManagerFactory(SpringHibernateJpaPersistenceProvider.java:93) ~[spring-orm-7.0.6.jar:7.0.6]
	at org.springframework.orm.jpa.LocalContainerEntityManagerFactoryBean.createNativeEntityManagerFactory(LocalContainerEntityManagerFactoryBean.java:443) ~[spring-orm-7.0.6.jar:7.0.6]
	at org.springframework.orm.jpa.AbstractEntityManagerFactoryBean.buildNativeEntityManagerFactory(AbstractEntityManagerFactoryBean.java:436) ~[spring-orm-7.0.6.jar:7.0.6]
	at org.springframework.orm.jpa.AbstractEntityManagerFactoryBean.afterPropertiesSet(AbstractEntityManagerFactoryBean.java:411) ~[spring-orm-7.0.6.jar:7.0.6]
	at org.springframework.orm.jpa.LocalContainerEntityManagerFactoryBean.afterPropertiesSet(LocalContainerEntityManagerFactoryBean.java:419) ~[spring-orm-7.0.6.jar:7.0.6]
	at org.springframework.beans.factory.support.AbstractAutowireCapableBeanFactory.invokeInitMethods(AbstractAutowireCapableBeanFactory.java:1864) ~[spring-beans-7.0.6.jar:7.0.6]
	at org.springframework.beans.factory.support.AbstractAutowireCapableBeanFactory.initializeBean(AbstractAutowireCapableBeanFactory.java:1813) ~[spring-beans-7.0.6.jar:7.0.6]
	at org.springframework.beans.factory.support.AbstractAutowireCapableBeanFactory.doCreateBean(AbstractAutowireCapableBeanFactory.java:603) ~[spring-beans-7.0.6.jar:7.0.6]
	at org.springframework.beans.factory.support.AbstractAutowireCapableBeanFactory.createBean(AbstractAutowireCapableBeanFactory.java:525) ~[spring-beans-7.0.6.jar:7.0.6]
	at org.springframework.beans.factory.support.AbstractBeanFactory.lambda$doGetBean$0(AbstractBeanFactory.java:333) ~[spring-beans-7.0.6.jar:7.0.6]
	at org.springframework.beans.factory.support.DefaultSingletonBeanRegistry.getSingleton(DefaultSingletonBeanRegistry.java:371) ~[spring-beans-7.0.6.jar:7.0.6]
	at org.springframework.beans.factory.support.AbstractBeanFactory.doGetBean(AbstractBeanFactory.java:331) ~[spring-beans-7.0.6.jar:7.0.6]
	at org.springframework.beans.factory.support.AbstractBeanFactory.getBean(AbstractBeanFactory.java:201) ~[spring-beans-7.0.6.jar:7.0.6]
	at org.springframework.context.support.AbstractApplicationContext.finishBeanFactoryInitialization(AbstractApplicationContext.java:977) ~[spring-context-7.0.6.jar:7.0.6]
	at org.springframework.context.support.AbstractApplicationContext.refresh(AbstractApplicationContext.java:621) ~[spring-context-7.0.6.jar:7.0.6]
	at org.springframework.boot.web.server.servlet.context.ServletWebServerApplicationContext.refresh(ServletWebServerApplicationContext.java:143) ~[spring-boot-web-server-4.0.5.jar:4.0.5]
	at org.springframework.boot.SpringApplication.refresh(SpringApplication.java:756) ~[spring-boot-4.0.5.jar:4.0.5]
	at org.springframework.boot.SpringApplication.refreshContext(SpringApplication.java:445) ~[spring-boot-4.0.5.jar:4.0.5]
	at org.springframework.boot.SpringApplication.run(SpringApplication.java:321) ~[spring-boot-4.0.5.jar:4.0.5]
	at org.springframework.boot.SpringApplication.run(SpringApplication.java:1365) ~[spring-boot-4.0.5.jar:4.0.5]
	at org.springframework.boot.SpringApplication.run(SpringApplication.java:1354) ~[spring-boot-4.0.5.jar:4.0.5]
	at com.minimarket.cliente_service.ClienteServiceApplication.main(ClienteServiceApplication.java:10) ~[classes/:na]

2026-05-18T13:38:38.795-04:00 ERROR 1798 --- [cliente-service] [main] j.LocalContainerEntityManagerFactoryBean : Failed to initialize JPA EntityManagerFactory: Unable to create requested service [org.hibernate.engine.jdbc.env.spi.JdbcEnvironment] due to: Unable to determine Dialect without JDBC metadata (please set 'jakarta.persistence.jdbc.url' for common cases or 'hibernate.dialect' when a custom Dialect implementation must be provided)
2026-05-18T13:38:38.796-04:00  WARN 1798 --- [cliente-service] [main] ConfigServletWebServerApplicationContext : Exception encountered during context initialization - cancelling refresh attempt: org.springframework.beans.factory.BeanCreationException: Error creating bean with name 'entityManagerFactory' defined in class path resource [org/springframework/boot/hibernate/autoconfigure/HibernateJpaConfiguration.class]: Unable to create requested service [org.hibernate.engine.jdbc.env.spi.JdbcEnvironment] due to: Unable to determine Dialect without JDBC metadata (please set 'jakarta.persistence.jdbc.url' for common cases or 'hibernate.dialect' when a custom Dialect implementation must be provided)
2026-05-18T13:38:38.796-04:00  INFO 1798 --- [cliente-service] [main] com.zaxxer.hikari.HikariDataSource       : HikariPool-1 - Shutdown initiated...
2026-05-18T13:38:38.799-04:00  INFO 1798 --- [cliente-service] [main] com.zaxxer.hikari.HikariDataSource       : HikariPool-1 - Shutdown completed.
2026-05-18T13:38:38.801-04:00  INFO 1798 --- [cliente-service] [main] o.apache.catalina.core.StandardService   : Stopping service [Tomcat]
2026-05-18T13:38:38.806-04:00  INFO 1798 --- [cliente-service] [main] .s.b.a.l.ConditionEvaluationReportLogger : 

Error starting ApplicationContext. To display the condition evaluation report re-run your application with 'debug' enabled.
2026-05-18T13:38:38.813-04:00 ERROR 1798 --- [cliente-service] [main] o.s.boot.SpringApplication               : Application run failed

org.springframework.beans.factory.BeanCreationException: Error creating bean with name 'entityManagerFactory' defined in class path resource [org/springframework/boot/hibernate/autoconfigure/HibernateJpaConfiguration.class]: Unable to create requested service [org.hibernate.engine.jdbc.env.spi.JdbcEnvironment] due to: Unable to determine Dialect without JDBC metadata (please set 'jakarta.persistence.jdbc.url' for common cases or 'hibernate.dialect' when a custom Dialect implementation must be provided)
	at org.springframework.beans.factory.support.AbstractAutowireCapableBeanFactory.initializeBean(AbstractAutowireCapableBeanFactory.java:1817) ~[spring-beans-7.0.6.jar:7.0.6]
	at org.springframework.beans.factory.support.AbstractAutowireCapableBeanFactory.doCreateBean(AbstractAutowireCapableBeanFactory.java:603) ~[spring-beans-7.0.6.jar:7.0.6]
	at org.springframework.beans.factory.support.AbstractAutowireCapableBeanFactory.createBean(AbstractAutowireCapableBeanFactory.java:525) ~[spring-beans-7.0.6.jar:7.0.6]
	at org.springframework.beans.factory.support.AbstractBeanFactory.lambda$doGetBean$0(AbstractBeanFactory.java:333) ~[spring-beans-7.0.6.jar:7.0.6]
	at org.springframework.beans.factory.support.DefaultSingletonBeanRegistry.getSingleton(DefaultSingletonBeanRegistry.java:371) ~[spring-beans-7.0.6.jar:7.0.6]
	at org.springframework.beans.factory.support.AbstractBeanFactory.doGetBean(AbstractBeanFactory.java:331) ~[spring-beans-7.0.6.jar:7.0.6]
	at org.springframework.beans.factory.support.AbstractBeanFactory.getBean(AbstractBeanFactory.java:201) ~[spring-beans-7.0.6.jar:7.0.6]
	at org.springframework.context.support.AbstractApplicationContext.finishBeanFactoryInitialization(AbstractApplicationContext.java:977) ~[spring-context-7.0.6.jar:7.0.6]
	at org.springframework.context.support.AbstractApplicationContext.refresh(AbstractApplicationContext.java:621) ~[spring-context-7.0.6.jar:7.0.6]
	at org.springframework.boot.web.server.servlet.context.ServletWebServerApplicationContext.refresh(ServletWebServerApplicationContext.java:143) ~[spring-boot-web-server-4.0.5.jar:4.0.5]
	at org.springframework.boot.SpringApplication.refresh(SpringApplication.java:756) ~[spring-boot-4.0.5.jar:4.0.5]
	at org.springframework.boot.SpringApplication.refreshContext(SpringApplication.java:445) ~[spring-boot-4.0.5.jar:4.0.5]
	at org.springframework.boot.SpringApplication.run(SpringApplication.java:321) ~[spring-boot-4.0.5.jar:4.0.5]
	at org.springframework.boot.SpringApplication.run(SpringApplication.java:1365) ~[spring-boot-4.0.5.jar:4.0.5]
	at org.springframework.boot.SpringApplication.run(SpringApplication.java:1354) ~[spring-boot-4.0.5.jar:4.0.5]
	at com.minimarket.cliente_service.ClienteServiceApplication.main(ClienteServiceApplication.java:10) ~[classes/:na]
Caused by: org.hibernate.service.spi.ServiceException: Unable to create requested service [org.hibernate.engine.jdbc.env.spi.JdbcEnvironment] due to: Unable to determine Dialect without JDBC metadata (please set 'jakarta.persistence.jdbc.url' for common cases or 'hibernate.dialect' when a custom Dialect implementation must be provided)
	at org.hibernate.service.internal.AbstractServiceRegistryImpl.createService(AbstractServiceRegistryImpl.java:273) ~[hibernate-core-7.2.7.Final.jar:7.2.7.Final]
	at org.hibernate.service.internal.AbstractServiceRegistryImpl.initializeService(AbstractServiceRegistryImpl.java:235) ~[hibernate-core-7.2.7.Final.jar:7.2.7.Final]
	at org.hibernate.service.internal.AbstractServiceRegistryImpl.getService(AbstractServiceRegistryImpl.java:212) ~[hibernate-core-7.2.7.Final.jar:7.2.7.Final]
	at org.hibernate.boot.model.relational.Database.<init>(Database.java:44) ~[hibernate-core-7.2.7.Final.jar:7.2.7.Final]
	at org.hibernate.boot.internal.InFlightMetadataCollectorImpl.getDatabase(InFlightMetadataCollectorImpl.java:251) ~[hibernate-core-7.2.7.Final.jar:7.2.7.Final]
	at org.hibernate.boot.internal.InFlightMetadataCollectorImpl.<init>(InFlightMetadataCollectorImpl.java:203) ~[hibernate-core-7.2.7.Final.jar:7.2.7.Final]
	at org.hibernate.boot.model.process.spi.MetadataBuildingProcess.complete(MetadataBuildingProcess.java:172) ~[hibernate-core-7.2.7.Final.jar:7.2.7.Final]
	at org.hibernate.jpa.boot.internal.EntityManagerFactoryBuilderImpl.metadata(EntityManagerFactoryBuilderImpl.java:1392) ~[hibernate-core-7.2.7.Final.jar:7.2.7.Final]
	at org.hibernate.jpa.boot.internal.EntityManagerFactoryBuilderImpl.populateSessionFactoryBuilder(EntityManagerFactoryBuilderImpl.java:1472) ~[hibernate-core-7.2.7.Final.jar:7.2.7.Final]
	at org.hibernate.jpa.boot.internal.EntityManagerFactoryBuilderImpl.build(EntityManagerFactoryBuilderImpl.java:1454) ~[hibernate-core-7.2.7.Final.jar:7.2.7.Final]
	at org.springframework.orm.jpa.vendor.SpringHibernateJpaPersistenceProvider.createContainerEntityManagerFactory(SpringHibernateJpaPersistenceProvider.java:93) ~[spring-orm-7.0.6.jar:7.0.6]
	at org.springframework.orm.jpa.LocalContainerEntityManagerFactoryBean.createNativeEntityManagerFactory(LocalContainerEntityManagerFactoryBean.java:443) ~[spring-orm-7.0.6.jar:7.0.6]
	at org.springframework.orm.jpa.AbstractEntityManagerFactoryBean.buildNativeEntityManagerFactory(AbstractEntityManagerFactoryBean.java:436) ~[spring-orm-7.0.6.jar:7.0.6]
	at org.springframework.orm.jpa.AbstractEntityManagerFactoryBean.afterPropertiesSet(AbstractEntityManagerFactoryBean.java:411) ~[spring-orm-7.0.6.jar:7.0.6]
	at org.springframework.orm.jpa.LocalContainerEntityManagerFactoryBean.afterPropertiesSet(LocalContainerEntityManagerFactoryBean.java:419) ~[spring-orm-7.0.6.jar:7.0.6]
	at org.springframework.beans.factory.support.AbstractAutowireCapableBeanFactory.invokeInitMethods(AbstractAutowireCapableBeanFactory.java:1864) ~[spring-beans-7.0.6.jar:7.0.6]
	at org.springframework.beans.factory.support.AbstractAutowireCapableBeanFactory.initializeBean(AbstractAutowireCapableBeanFactory.java:1813) ~[spring-beans-7.0.6.jar:7.0.6]
	... 15 common frames omitted
Caused by: org.hibernate.HibernateException: Unable to determine Dialect without JDBC metadata (please set 'jakarta.persistence.jdbc.url' for common cases or 'hibernate.dialect' when a custom Dialect implementation must be provided)
	at org.hibernate.engine.jdbc.dialect.internal.DialectFactoryImpl.determineDialect(DialectFactoryImpl.java:190) ~[hibernate-core-7.2.7.Final.jar:7.2.7.Final]
	at org.hibernate.engine.jdbc.dialect.internal.DialectFactoryImpl.buildDialect(DialectFactoryImpl.java:86) ~[hibernate-core-7.2.7.Final.jar:7.2.7.Final]
	at org.hibernate.engine.jdbc.env.internal.JdbcEnvironmentInitiator.getJdbcEnvironmentWithDefaults(JdbcEnvironmentInitiator.java:200) ~[hibernate-core-7.2.7.Final.jar:7.2.7.Final]
	at org.hibernate.engine.jdbc.env.internal.JdbcEnvironmentInitiator.getJdbcEnvironmentUsingJdbcMetadata(JdbcEnvironmentInitiator.java:452) ~[hibernate-core-7.2.7.Final.jar:7.2.7.Final]
	at org.hibernate.engine.jdbc.env.internal.JdbcEnvironmentInitiator.getJdbcEnvironment(JdbcEnvironmentInitiator.java:143) ~[hibernate-core-7.2.7.Final.jar:7.2.7.Final]
	at org.hibernate.engine.jdbc.env.internal.JdbcEnvironmentInitiator.initiateService(JdbcEnvironmentInitiator.java:120) ~[hibernate-core-7.2.7.Final.jar:7.2.7.Final]
	at org.hibernate.engine.jdbc.env.internal.JdbcEnvironmentInitiator.initiateService(JdbcEnvironmentInitiator.java:80) ~[hibernate-core-7.2.7.Final.jar:7.2.7.Final]
	at org.hibernate.boot.registry.internal.StandardServiceRegistryImpl.initiateService(StandardServiceRegistryImpl.java:133) ~[hibernate-core-7.2.7.Final.jar:7.2.7.Final]
	at org.hibernate.service.internal.AbstractServiceRegistryImpl.createService(AbstractServiceRegistryImpl.java:260) ~[hibernate-core-7.2.7.Final.jar:7.2.7.Final]
	... 31 common frames omitted

2026-05-18T13:45:49.682-04:00  INFO 2318 --- [cliente-service] [main] c.m.c.ClienteServiceApplication          : Starting ClienteServiceApplication using Java 21.0.11 with PID 2318 (/home/nicolas/Escritorio/proyecto-fullstack/cliente-service/target/classes started by nicolas in /home/nicolas/Escritorio/proyecto-fullstack/cliente-service)
2026-05-18T13:45:49.685-04:00 DEBUG 2318 --- [cliente-service] [main] c.m.c.ClienteServiceApplication          : Running with Spring Boot v4.0.5, Spring v7.0.6
2026-05-18T13:45:49.686-04:00  INFO 2318 --- [cliente-service] [main] c.m.c.ClienteServiceApplication          : No active profile set, falling back to 1 default profile: "default"
2026-05-18T13:45:50.310-04:00  INFO 2318 --- [cliente-service] [main] .s.d.r.c.RepositoryConfigurationDelegate : Bootstrapping Spring Data JPA repositories in DEFAULT mode.
2026-05-18T13:45:50.353-04:00  INFO 2318 --- [cliente-service] [main] .s.d.r.c.RepositoryConfigurationDelegate : Finished Spring Data repository scanning in 35 ms. Found 1 JPA repository interface.
2026-05-18T13:45:50.834-04:00  INFO 2318 --- [cliente-service] [main] o.s.boot.tomcat.TomcatWebServer          : Tomcat initialized with port 8081 (http)
2026-05-18T13:45:50.845-04:00  INFO 2318 --- [cliente-service] [main] o.apache.catalina.core.StandardService   : Starting service [Tomcat]
2026-05-18T13:45:50.845-04:00  INFO 2318 --- [cliente-service] [main] o.apache.catalina.core.StandardEngine    : Starting Servlet engine: [Apache Tomcat/11.0.20]
2026-05-18T13:45:50.876-04:00  INFO 2318 --- [cliente-service] [main] b.w.c.s.WebApplicationContextInitializer : Root WebApplicationContext: initialization completed in 1147 ms
2026-05-18T13:45:51.070-04:00 DEBUG 2318 --- [cliente-service] [main] c.m.c.config.JwtAuthenticationFilter     : Filter 'jwtAuthenticationFilter' configured for use
2026-05-18T13:45:51.210-04:00  INFO 2318 --- [cliente-service] [main] org.hibernate.orm.jpa                    : HHH008540: Processing PersistenceUnitInfo [name: default]
2026-05-18T13:45:51.243-04:00  INFO 2318 --- [cliente-service] [main] org.hibernate.orm.core                   : HHH000001: Hibernate ORM core version 7.2.7.Final
2026-05-18T13:45:51.517-04:00  INFO 2318 --- [cliente-service] [main] o.s.o.j.p.SpringPersistenceUnitInfo      : No LoadTimeWeaver setup: ignoring JPA class transformer
2026-05-18T13:45:51.537-04:00  INFO 2318 --- [cliente-service] [main] com.zaxxer.hikari.HikariDataSource       : HikariPool-1 - Starting...
2026-05-18T13:45:51.775-04:00  INFO 2318 --- [cliente-service] [main] com.zaxxer.hikari.pool.HikariPool        : HikariPool-1 - Added connection com.mysql.cj.jdbc.ConnectionImpl@2c0a3826
2026-05-18T13:45:51.776-04:00  INFO 2318 --- [cliente-service] [main] com.zaxxer.hikari.HikariDataSource       : HikariPool-1 - Start completed.
2026-05-18T13:45:51.846-04:00  WARN 2318 --- [cliente-service] [main] org.hibernate.orm.jdbc                   : HHH100045: Could not obtain connection metadata: java.sql.SQLSyntaxErrorException: Unknown column 'RESERVED' in 'WHERE'
2026-05-18T13:45:51.855-04:00  WARN 2318 --- [cliente-service] [main] org.hibernate.orm.deprecation            : HHH90000025: MySQLDialect does not need to be specified explicitly using 'hibernate.dialect' (remove the property setting and it will be selected by default)
2026-05-18T13:45:51.863-04:00  INFO 2318 --- [cliente-service] [main] org.hibernate.orm.connections.pooling    : HHH10001005: Database info:
	Database JDBC URL [undefined/unknown]
	Database driver: undefined/unknown
	Database dialect: MySQLDialect
	Database version: 8.0
	Default catalog/schema: unknown/unknown
	Autocommit mode: undefined/unknown
	Isolation level: NONE [default NONE]
	JDBC fetch size: undefined/unknown
	Pool: DataSourceConnectionProvider
	Minimum pool size: undefined/unknown
	Maximum pool size: undefined/unknown
2026-05-18T13:45:52.439-04:00  INFO 2318 --- [cliente-service] [main] org.hibernate.orm.core                   : HHH000489: No JTA platform available (set 'hibernate.transaction.jta.platform' to enable JTA platform integration)
2026-05-18T13:45:52.546-04:00  INFO 2318 --- [cliente-service] [main] j.LocalContainerEntityManagerFactoryBean : Initialized JPA EntityManagerFactory for persistence unit 'default'
2026-05-18T13:45:52.620-04:00  INFO 2318 --- [cliente-service] [main] o.s.d.j.r.query.QueryEnhancerFactories   : Hibernate is in classpath; If applicable, HQL parser will be used.
2026-05-18T13:45:52.753-04:00  INFO 2318 --- [cliente-service] [main] r$InitializeUserDetailsManagerConfigurer : Global AuthenticationManager configured with UserDetailsService bean with name userDetailsService
2026-05-18T13:45:53.203-04:00  WARN 2318 --- [cliente-service] [main] ConfigServletWebServerApplicationContext : Exception encountered during context initialization - cancelling refresh attempt: org.springframework.context.ApplicationContextException: Failed to start bean 'webServerStartStop'
2026-05-18T13:45:53.205-04:00  INFO 2318 --- [cliente-service] [main] j.LocalContainerEntityManagerFactoryBean : Closing JPA EntityManagerFactory for persistence unit 'default'
2026-05-18T13:45:53.206-04:00  INFO 2318 --- [cliente-service] [main] com.zaxxer.hikari.HikariDataSource       : HikariPool-1 - Shutdown initiated...
2026-05-18T13:45:53.211-04:00  INFO 2318 --- [cliente-service] [main] com.zaxxer.hikari.HikariDataSource       : HikariPool-1 - Shutdown completed.
2026-05-18T13:45:53.218-04:00  INFO 2318 --- [cliente-service] [main] .s.b.a.l.ConditionEvaluationReportLogger : 

Error starting ApplicationContext. To display the condition evaluation report re-run your application with 'debug' enabled.
2026-05-18T13:45:53.225-04:00 ERROR 2318 --- [cliente-service] [main] o.s.boot.SpringApplication               : Application run failed

org.springframework.context.ApplicationContextException: Failed to start bean 'webServerStartStop'
	at org.springframework.context.support.DefaultLifecycleProcessor.doStart(DefaultLifecycleProcessor.java:423) ~[spring-context-7.0.6.jar:7.0.6]
	at org.springframework.context.support.DefaultLifecycleProcessor.doStart(DefaultLifecycleProcessor.java:409) ~[spring-context-7.0.6.jar:7.0.6]
	at org.springframework.context.support.DefaultLifecycleProcessor$LifecycleGroup.start(DefaultLifecycleProcessor.java:613) ~[spring-context-7.0.6.jar:7.0.6]
	at java.base/java.lang.Iterable.forEach(Iterable.java:75) ~[na:na]
	at org.springframework.context.support.DefaultLifecycleProcessor.startBeans(DefaultLifecycleProcessor.java:379) ~[spring-context-7.0.6.jar:7.0.6]
	at org.springframework.context.support.DefaultLifecycleProcessor.onRefresh(DefaultLifecycleProcessor.java:306) ~[spring-context-7.0.6.jar:7.0.6]
	at org.springframework.context.support.AbstractApplicationContext.finishRefresh(AbstractApplicationContext.java:1013) ~[spring-context-7.0.6.jar:7.0.6]
	at org.springframework.context.support.AbstractApplicationContext.refresh(AbstractApplicationContext.java:624) ~[spring-context-7.0.6.jar:7.0.6]
	at org.springframework.boot.web.server.servlet.context.ServletWebServerApplicationContext.refresh(ServletWebServerApplicationContext.java:143) ~[spring-boot-web-server-4.0.5.jar:4.0.5]
	at org.springframework.boot.SpringApplication.refresh(SpringApplication.java:756) ~[spring-boot-4.0.5.jar:4.0.5]
	at org.springframework.boot.SpringApplication.refreshContext(SpringApplication.java:445) ~[spring-boot-4.0.5.jar:4.0.5]
	at org.springframework.boot.SpringApplication.run(SpringApplication.java:321) ~[spring-boot-4.0.5.jar:4.0.5]
	at org.springframework.boot.SpringApplication.run(SpringApplication.java:1365) ~[spring-boot-4.0.5.jar:4.0.5]
	at org.springframework.boot.SpringApplication.run(SpringApplication.java:1354) ~[spring-boot-4.0.5.jar:4.0.5]
	at com.minimarket.cliente_service.ClienteServiceApplication.main(ClienteServiceApplication.java:10) ~[classes/:na]
Caused by: org.springframework.boot.web.server.WebServerException: Unable to start embedded Tomcat server
	at org.springframework.boot.tomcat.TomcatWebServer.start(TomcatWebServer.java:248) ~[spring-boot-tomcat-4.0.5.jar:4.0.5]
	at org.springframework.boot.web.server.servlet.context.WebServerStartStopLifecycle.start(WebServerStartStopLifecycle.java:44) ~[spring-boot-web-server-4.0.5.jar:4.0.5]
	at org.springframework.context.support.DefaultLifecycleProcessor.doStart(DefaultLifecycleProcessor.java:420) ~[spring-context-7.0.6.jar:7.0.6]
	... 14 common frames omitted
Caused by: java.lang.IllegalArgumentException: standardService.connector.startFailed
	at org.apache.catalina.core.StandardService.addConnector(StandardService.java:220) ~[tomcat-embed-core-11.0.20.jar:11.0.20]
	at org.springframework.boot.tomcat.TomcatWebServer.addPreviouslyRemovedConnectors(TomcatWebServer.java:307) ~[spring-boot-tomcat-4.0.5.jar:4.0.5]
	at org.springframework.boot.tomcat.TomcatWebServer.start(TomcatWebServer.java:233) ~[spring-boot-tomcat-4.0.5.jar:4.0.5]
	... 16 common frames omitted
Caused by: org.apache.catalina.LifecycleException: Protocol handler start failed
	at org.apache.catalina.connector.Connector.startInternal(Connector.java:1119) ~[tomcat-embed-core-11.0.20.jar:11.0.20]
	at org.apache.catalina.util.LifecycleBase.start(LifecycleBase.java:164) ~[tomcat-embed-core-11.0.20.jar:11.0.20]
	at org.apache.catalina.core.StandardService.addConnector(StandardService.java:217) ~[tomcat-embed-core-11.0.20.jar:11.0.20]
	... 18 common frames omitted
Caused by: java.net.BindException: La dirección ya se está usando
	at java.base/sun.nio.ch.Net.bind0(Native Method) ~[na:na]
	at java.base/sun.nio.ch.Net.bind(Net.java:577) ~[na:na]
	at java.base/sun.nio.ch.ServerSocketChannelImpl.netBind(ServerSocketChannelImpl.java:344) ~[na:na]
	at java.base/sun.nio.ch.ServerSocketChannelImpl.bind(ServerSocketChannelImpl.java:301) ~[na:na]
	at org.apache.tomcat.util.net.NioEndpoint.initServerSocket(NioEndpoint.java:265) ~[tomcat-embed-core-11.0.20.jar:11.0.20]
	at org.apache.tomcat.util.net.NioEndpoint.bind(NioEndpoint.java:220) ~[tomcat-embed-core-11.0.20.jar:11.0.20]
	at org.apache.tomcat.util.net.AbstractEndpoint.bindWithCleanup(AbstractEndpoint.java:1640) ~[tomcat-embed-core-11.0.20.jar:11.0.20]
	at org.apache.tomcat.util.net.AbstractEndpoint.start(AbstractEndpoint.java:1723) ~[tomcat-embed-core-11.0.20.jar:11.0.20]
	at org.apache.coyote.AbstractProtocol.start(AbstractProtocol.java:644) ~[tomcat-embed-core-11.0.20.jar:11.0.20]
	at org.apache.catalina.connector.Connector.startInternal(Connector.java:1116) ~[tomcat-embed-core-11.0.20.jar:11.0.20]
	... 20 common frames omitted

2026-05-18T13:49:23.011-04:00  INFO 2465 --- [cliente-service] [main] c.m.c.ClienteServiceApplication          : Starting ClienteServiceApplication using Java 21.0.11 with PID 2465 (/home/nicolas/Escritorio/proyecto-fullstack/cliente-service/target/classes started by nicolas in /home/nicolas/Escritorio/proyecto-fullstack/cliente-service)
2026-05-18T13:49:23.014-04:00 DEBUG 2465 --- [cliente-service] [main] c.m.c.ClienteServiceApplication          : Running with Spring Boot v4.0.5, Spring v7.0.6
2026-05-18T13:49:23.015-04:00  INFO 2465 --- [cliente-service] [main] c.m.c.ClienteServiceApplication          : No active profile set, falling back to 1 default profile: "default"
2026-05-18T13:49:23.640-04:00  INFO 2465 --- [cliente-service] [main] .s.d.r.c.RepositoryConfigurationDelegate : Bootstrapping Spring Data JPA repositories in DEFAULT mode.
2026-05-18T13:49:23.690-04:00  INFO 2465 --- [cliente-service] [main] .s.d.r.c.RepositoryConfigurationDelegate : Finished Spring Data repository scanning in 41 ms. Found 1 JPA repository interface.
2026-05-18T13:49:24.228-04:00  INFO 2465 --- [cliente-service] [main] o.s.boot.tomcat.TomcatWebServer          : Tomcat initialized with port 8081 (http)
2026-05-18T13:49:24.240-04:00  INFO 2465 --- [cliente-service] [main] o.apache.catalina.core.StandardService   : Starting service [Tomcat]
2026-05-18T13:49:24.240-04:00  INFO 2465 --- [cliente-service] [main] o.apache.catalina.core.StandardEngine    : Starting Servlet engine: [Apache Tomcat/11.0.20]
2026-05-18T13:49:24.271-04:00  INFO 2465 --- [cliente-service] [main] b.w.c.s.WebApplicationContextInitializer : Root WebApplicationContext: initialization completed in 1197 ms
2026-05-18T13:49:24.450-04:00 DEBUG 2465 --- [cliente-service] [main] c.m.c.config.JwtAuthenticationFilter     : Filter 'jwtAuthenticationFilter' configured for use
2026-05-18T13:49:24.565-04:00  INFO 2465 --- [cliente-service] [main] org.hibernate.orm.jpa                    : HHH008540: Processing PersistenceUnitInfo [name: default]
2026-05-18T13:49:24.599-04:00  INFO 2465 --- [cliente-service] [main] org.hibernate.orm.core                   : HHH000001: Hibernate ORM core version 7.2.7.Final
2026-05-18T13:49:24.909-04:00  INFO 2465 --- [cliente-service] [main] o.s.o.j.p.SpringPersistenceUnitInfo      : No LoadTimeWeaver setup: ignoring JPA class transformer
2026-05-18T13:49:24.932-04:00  INFO 2465 --- [cliente-service] [main] com.zaxxer.hikari.HikariDataSource       : HikariPool-1 - Starting...
2026-05-18T13:49:25.211-04:00  INFO 2465 --- [cliente-service] [main] com.zaxxer.hikari.pool.HikariPool        : HikariPool-1 - Added connection com.mysql.cj.jdbc.ConnectionImpl@2a6c751f
2026-05-18T13:49:25.212-04:00  INFO 2465 --- [cliente-service] [main] com.zaxxer.hikari.HikariDataSource       : HikariPool-1 - Start completed.
2026-05-18T13:49:25.284-04:00  WARN 2465 --- [cliente-service] [main] org.hibernate.orm.jdbc                   : HHH100045: Could not obtain connection metadata: java.sql.SQLSyntaxErrorException: Unknown column 'RESERVED' in 'WHERE'
2026-05-18T13:49:25.294-04:00  WARN 2465 --- [cliente-service] [main] org.hibernate.orm.deprecation            : HHH90000025: MySQLDialect does not need to be specified explicitly using 'hibernate.dialect' (remove the property setting and it will be selected by default)
2026-05-18T13:49:25.302-04:00  INFO 2465 --- [cliente-service] [main] org.hibernate.orm.connections.pooling    : HHH10001005: Database info:
	Database JDBC URL [undefined/unknown]
	Database driver: undefined/unknown
	Database dialect: MySQLDialect
	Database version: 8.0
	Default catalog/schema: unknown/unknown
	Autocommit mode: undefined/unknown
	Isolation level: NONE [default NONE]
	JDBC fetch size: undefined/unknown
	Pool: DataSourceConnectionProvider
	Minimum pool size: undefined/unknown
	Maximum pool size: undefined/unknown
2026-05-18T13:49:25.894-04:00  INFO 2465 --- [cliente-service] [main] org.hibernate.orm.core                   : HHH000489: No JTA platform available (set 'hibernate.transaction.jta.platform' to enable JTA platform integration)
2026-05-18T13:49:25.999-04:00  INFO 2465 --- [cliente-service] [main] j.LocalContainerEntityManagerFactoryBean : Initialized JPA EntityManagerFactory for persistence unit 'default'
2026-05-18T13:49:26.062-04:00  INFO 2465 --- [cliente-service] [main] o.s.d.j.r.query.QueryEnhancerFactories   : Hibernate is in classpath; If applicable, HQL parser will be used.
2026-05-18T13:49:26.212-04:00  INFO 2465 --- [cliente-service] [main] r$InitializeUserDetailsManagerConfigurer : Global AuthenticationManager configured with UserDetailsService bean with name userDetailsService
2026-05-18T13:49:26.658-04:00  WARN 2465 --- [cliente-service] [main] ConfigServletWebServerApplicationContext : Exception encountered during context initialization - cancelling refresh attempt: org.springframework.context.ApplicationContextException: Failed to start bean 'webServerStartStop'
2026-05-18T13:49:26.660-04:00  INFO 2465 --- [cliente-service] [main] j.LocalContainerEntityManagerFactoryBean : Closing JPA EntityManagerFactory for persistence unit 'default'
2026-05-18T13:49:26.661-04:00  INFO 2465 --- [cliente-service] [main] com.zaxxer.hikari.HikariDataSource       : HikariPool-1 - Shutdown initiated...
2026-05-18T13:49:26.666-04:00  INFO 2465 --- [cliente-service] [main] com.zaxxer.hikari.HikariDataSource       : HikariPool-1 - Shutdown completed.
2026-05-18T13:49:26.672-04:00  INFO 2465 --- [cliente-service] [main] .s.b.a.l.ConditionEvaluationReportLogger : 

Error starting ApplicationContext. To display the condition evaluation report re-run your application with 'debug' enabled.
2026-05-18T13:49:26.680-04:00 ERROR 2465 --- [cliente-service] [main] o.s.boot.SpringApplication               : Application run failed

org.springframework.context.ApplicationContextException: Failed to start bean 'webServerStartStop'
	at org.springframework.context.support.DefaultLifecycleProcessor.doStart(DefaultLifecycleProcessor.java:423) ~[spring-context-7.0.6.jar:7.0.6]
	at org.springframework.context.support.DefaultLifecycleProcessor.doStart(DefaultLifecycleProcessor.java:409) ~[spring-context-7.0.6.jar:7.0.6]
	at org.springframework.context.support.DefaultLifecycleProcessor$LifecycleGroup.start(DefaultLifecycleProcessor.java:613) ~[spring-context-7.0.6.jar:7.0.6]
	at java.base/java.lang.Iterable.forEach(Iterable.java:75) ~[na:na]
	at org.springframework.context.support.DefaultLifecycleProcessor.startBeans(DefaultLifecycleProcessor.java:379) ~[spring-context-7.0.6.jar:7.0.6]
	at org.springframework.context.support.DefaultLifecycleProcessor.onRefresh(DefaultLifecycleProcessor.java:306) ~[spring-context-7.0.6.jar:7.0.6]
	at org.springframework.context.support.AbstractApplicationContext.finishRefresh(AbstractApplicationContext.java:1013) ~[spring-context-7.0.6.jar:7.0.6]
	at org.springframework.context.support.AbstractApplicationContext.refresh(AbstractApplicationContext.java:624) ~[spring-context-7.0.6.jar:7.0.6]
	at org.springframework.boot.web.server.servlet.context.ServletWebServerApplicationContext.refresh(ServletWebServerApplicationContext.java:143) ~[spring-boot-web-server-4.0.5.jar:4.0.5]
	at org.springframework.boot.SpringApplication.refresh(SpringApplication.java:756) ~[spring-boot-4.0.5.jar:4.0.5]
	at org.springframework.boot.SpringApplication.refreshContext(SpringApplication.java:445) ~[spring-boot-4.0.5.jar:4.0.5]
	at org.springframework.boot.SpringApplication.run(SpringApplication.java:321) ~[spring-boot-4.0.5.jar:4.0.5]
	at org.springframework.boot.SpringApplication.run(SpringApplication.java:1365) ~[spring-boot-4.0.5.jar:4.0.5]
	at org.springframework.boot.SpringApplication.run(SpringApplication.java:1354) ~[spring-boot-4.0.5.jar:4.0.5]
	at com.minimarket.cliente_service.ClienteServiceApplication.main(ClienteServiceApplication.java:10) ~[classes/:na]
Caused by: org.springframework.boot.web.server.WebServerException: Unable to start embedded Tomcat server
	at org.springframework.boot.tomcat.TomcatWebServer.start(TomcatWebServer.java:248) ~[spring-boot-tomcat-4.0.5.jar:4.0.5]
	at org.springframework.boot.web.server.servlet.context.WebServerStartStopLifecycle.start(WebServerStartStopLifecycle.java:44) ~[spring-boot-web-server-4.0.5.jar:4.0.5]
	at org.springframework.context.support.DefaultLifecycleProcessor.doStart(DefaultLifecycleProcessor.java:420) ~[spring-context-7.0.6.jar:7.0.6]
	... 14 common frames omitted
Caused by: java.lang.IllegalArgumentException: standardService.connector.startFailed
	at org.apache.catalina.core.StandardService.addConnector(StandardService.java:220) ~[tomcat-embed-core-11.0.20.jar:11.0.20]
	at org.springframework.boot.tomcat.TomcatWebServer.addPreviouslyRemovedConnectors(TomcatWebServer.java:307) ~[spring-boot-tomcat-4.0.5.jar:4.0.5]
	at org.springframework.boot.tomcat.TomcatWebServer.start(TomcatWebServer.java:233) ~[spring-boot-tomcat-4.0.5.jar:4.0.5]
	... 16 common frames omitted
Caused by: org.apache.catalina.LifecycleException: Protocol handler start failed
	at org.apache.catalina.connector.Connector.startInternal(Connector.java:1119) ~[tomcat-embed-core-11.0.20.jar:11.0.20]
	at org.apache.catalina.util.LifecycleBase.start(LifecycleBase.java:164) ~[tomcat-embed-core-11.0.20.jar:11.0.20]
	at org.apache.catalina.core.StandardService.addConnector(StandardService.java:217) ~[tomcat-embed-core-11.0.20.jar:11.0.20]
	... 18 common frames omitted
Caused by: java.net.BindException: La dirección ya se está usando
	at java.base/sun.nio.ch.Net.bind0(Native Method) ~[na:na]
	at java.base/sun.nio.ch.Net.bind(Net.java:577) ~[na:na]
	at java.base/sun.nio.ch.ServerSocketChannelImpl.netBind(ServerSocketChannelImpl.java:344) ~[na:na]
	at java.base/sun.nio.ch.ServerSocketChannelImpl.bind(ServerSocketChannelImpl.java:301) ~[na:na]
	at org.apache.tomcat.util.net.NioEndpoint.initServerSocket(NioEndpoint.java:265) ~[tomcat-embed-core-11.0.20.jar:11.0.20]
	at org.apache.tomcat.util.net.NioEndpoint.bind(NioEndpoint.java:220) ~[tomcat-embed-core-11.0.20.jar:11.0.20]
	at org.apache.tomcat.util.net.AbstractEndpoint.bindWithCleanup(AbstractEndpoint.java:1640) ~[tomcat-embed-core-11.0.20.jar:11.0.20]
	at org.apache.tomcat.util.net.AbstractEndpoint.start(AbstractEndpoint.java:1723) ~[tomcat-embed-core-11.0.20.jar:11.0.20]
	at org.apache.coyote.AbstractProtocol.start(AbstractProtocol.java:644) ~[tomcat-embed-core-11.0.20.jar:11.0.20]
	at org.apache.catalina.connector.Connector.startInternal(Connector.java:1116) ~[tomcat-embed-core-11.0.20.jar:11.0.20]
	... 20 common frames omitted

2026-05-18T13:50:19.460-04:00  INFO 14906 --- [cliente-service] [SpringApplicationShutdownHook] o.s.boot.tomcat.GracefulShutdown         : Commencing graceful shutdown. Waiting for active requests to complete
2026-05-18T13:50:19.462-04:00  INFO 14906 --- [cliente-service] [tomcat-shutdown] o.s.boot.tomcat.GracefulShutdown         : Graceful shutdown complete
2026-05-18T13:50:19.465-04:00  INFO 14906 --- [cliente-service] [SpringApplicationShutdownHook] j.LocalContainerEntityManagerFactoryBean : Closing JPA EntityManagerFactory for persistence unit 'default'
2026-05-18T13:50:19.466-04:00  INFO 14906 --- [cliente-service] [SpringApplicationShutdownHook] com.zaxxer.hikari.HikariDataSource       : HikariPool-1 - Shutdown initiated...
2026-05-18T13:50:19.471-04:00  INFO 14906 --- [cliente-service] [SpringApplicationShutdownHook] com.zaxxer.hikari.HikariDataSource       : HikariPool-1 - Shutdown completed.
2026-05-18T13:50:25.535-04:00  INFO 2564 --- [cliente-service] [main] c.m.c.ClienteServiceApplication          : Starting ClienteServiceApplication using Java 21.0.11 with PID 2564 (/home/nicolas/Escritorio/proyecto-fullstack/cliente-service/target/classes started by nicolas in /home/nicolas/Escritorio/proyecto-fullstack/cliente-service)
2026-05-18T13:50:25.537-04:00 DEBUG 2564 --- [cliente-service] [main] c.m.c.ClienteServiceApplication          : Running with Spring Boot v4.0.5, Spring v7.0.6
2026-05-18T13:50:25.538-04:00  INFO 2564 --- [cliente-service] [main] c.m.c.ClienteServiceApplication          : No active profile set, falling back to 1 default profile: "default"
2026-05-18T13:50:26.060-04:00  INFO 2564 --- [cliente-service] [main] .s.d.r.c.RepositoryConfigurationDelegate : Bootstrapping Spring Data JPA repositories in DEFAULT mode.
2026-05-18T13:50:26.096-04:00  INFO 2564 --- [cliente-service] [main] .s.d.r.c.RepositoryConfigurationDelegate : Finished Spring Data repository scanning in 30 ms. Found 1 JPA repository interface.
2026-05-18T13:50:26.540-04:00  INFO 2564 --- [cliente-service] [main] o.s.boot.tomcat.TomcatWebServer          : Tomcat initialized with port 8081 (http)
2026-05-18T13:50:26.550-04:00  INFO 2564 --- [cliente-service] [main] o.apache.catalina.core.StandardService   : Starting service [Tomcat]
2026-05-18T13:50:26.551-04:00  INFO 2564 --- [cliente-service] [main] o.apache.catalina.core.StandardEngine    : Starting Servlet engine: [Apache Tomcat/11.0.20]
2026-05-18T13:50:26.581-04:00  INFO 2564 --- [cliente-service] [main] b.w.c.s.WebApplicationContextInitializer : Root WebApplicationContext: initialization completed in 998 ms
2026-05-18T13:50:26.771-04:00 DEBUG 2564 --- [cliente-service] [main] c.m.c.config.JwtAuthenticationFilter     : Filter 'jwtAuthenticationFilter' configured for use
2026-05-18T13:50:26.891-04:00  INFO 2564 --- [cliente-service] [main] org.hibernate.orm.jpa                    : HHH008540: Processing PersistenceUnitInfo [name: default]
2026-05-18T13:50:26.924-04:00  INFO 2564 --- [cliente-service] [main] org.hibernate.orm.core                   : HHH000001: Hibernate ORM core version 7.2.7.Final
2026-05-18T13:50:27.208-04:00  INFO 2564 --- [cliente-service] [main] o.s.o.j.p.SpringPersistenceUnitInfo      : No LoadTimeWeaver setup: ignoring JPA class transformer
2026-05-18T13:50:27.229-04:00  INFO 2564 --- [cliente-service] [main] com.zaxxer.hikari.HikariDataSource       : HikariPool-1 - Starting...
2026-05-18T13:50:27.486-04:00  INFO 2564 --- [cliente-service] [main] com.zaxxer.hikari.pool.HikariPool        : HikariPool-1 - Added connection com.mysql.cj.jdbc.ConnectionImpl@7438c3d5
2026-05-18T13:50:27.487-04:00  INFO 2564 --- [cliente-service] [main] com.zaxxer.hikari.HikariDataSource       : HikariPool-1 - Start completed.
2026-05-18T13:50:27.574-04:00  WARN 2564 --- [cliente-service] [main] org.hibernate.orm.jdbc                   : HHH100045: Could not obtain connection metadata: java.sql.SQLSyntaxErrorException: Unknown column 'RESERVED' in 'WHERE'
2026-05-18T13:50:27.587-04:00  WARN 2564 --- [cliente-service] [main] org.hibernate.orm.deprecation            : HHH90000025: MySQLDialect does not need to be specified explicitly using 'hibernate.dialect' (remove the property setting and it will be selected by default)
2026-05-18T13:50:27.594-04:00  INFO 2564 --- [cliente-service] [main] org.hibernate.orm.connections.pooling    : HHH10001005: Database info:
	Database JDBC URL [undefined/unknown]
	Database driver: undefined/unknown
	Database dialect: MySQLDialect
	Database version: 8.0
	Default catalog/schema: unknown/unknown
	Autocommit mode: undefined/unknown
	Isolation level: NONE [default NONE]
	JDBC fetch size: undefined/unknown
	Pool: DataSourceConnectionProvider
	Minimum pool size: undefined/unknown
	Maximum pool size: undefined/unknown
2026-05-18T13:50:28.188-04:00  INFO 2564 --- [cliente-service] [main] org.hibernate.orm.core                   : HHH000489: No JTA platform available (set 'hibernate.transaction.jta.platform' to enable JTA platform integration)
2026-05-18T13:50:28.290-04:00  INFO 2564 --- [cliente-service] [main] j.LocalContainerEntityManagerFactoryBean : Initialized JPA EntityManagerFactory for persistence unit 'default'
2026-05-18T13:50:28.348-04:00  INFO 2564 --- [cliente-service] [main] o.s.d.j.r.query.QueryEnhancerFactories   : Hibernate is in classpath; If applicable, HQL parser will be used.
2026-05-18T13:50:28.488-04:00  INFO 2564 --- [cliente-service] [main] r$InitializeUserDetailsManagerConfigurer : Global AuthenticationManager configured with UserDetailsService bean with name userDetailsService
2026-05-18T13:50:28.963-04:00  INFO 2564 --- [cliente-service] [main] o.s.boot.tomcat.TomcatWebServer          : Tomcat started on port 8081 (http) with context path '/'
2026-05-18T13:50:28.968-04:00  INFO 2564 --- [cliente-service] [main] c.m.c.ClienteServiceApplication          : Started ClienteServiceApplication in 3.866 seconds (process running for 4.236)
2026-05-18T13:50:29.217-04:00  INFO 2564 --- [cliente-service] [main] c.m.c.config.DataInitializer             : >>> DataInitalizer: La BD ya tiene datos, se omite la carga incial
2026-05-18T14:08:57.962-04:00  INFO 2564 --- [cliente-service] [SpringApplicationShutdownHook] o.s.boot.tomcat.GracefulShutdown         : Commencing graceful shutdown. Waiting for active requests to complete
2026-05-18T14:08:57.964-04:00  INFO 2564 --- [cliente-service] [tomcat-shutdown] o.s.boot.tomcat.GracefulShutdown         : Graceful shutdown complete
2026-05-18T14:08:57.970-04:00  INFO 2564 --- [cliente-service] [SpringApplicationShutdownHook] j.LocalContainerEntityManagerFactoryBean : Closing JPA EntityManagerFactory for persistence unit 'default'
2026-05-18T14:08:57.973-04:00  INFO 2564 --- [cliente-service] [SpringApplicationShutdownHook] com.zaxxer.hikari.HikariDataSource       : HikariPool-1 - Shutdown initiated...
2026-05-18T14:08:57.977-04:00  INFO 2564 --- [cliente-service] [SpringApplicationShutdownHook] com.zaxxer.hikari.HikariDataSource       : HikariPool-1 - Shutdown completed.
2026-05-18T14:13:01.895-04:00  INFO 33916 --- [cliente-service] [main] c.m.c.ClienteServiceApplication          : Starting ClienteServiceApplication using Java 21.0.10 with PID 33916 (/home/nicolas/Escritorio/proyecto-fullstack/cliente-service/target/classes started by nicolas in /home/nicolas/Escritorio/proyecto-fullstack/cliente-service)
2026-05-18T14:13:01.897-04:00 DEBUG 33916 --- [cliente-service] [main] c.m.c.ClienteServiceApplication          : Running with Spring Boot v4.0.5, Spring v7.0.6
2026-05-18T14:13:01.897-04:00  INFO 33916 --- [cliente-service] [main] c.m.c.ClienteServiceApplication          : No active profile set, falling back to 1 default profile: "default"
2026-05-18T14:13:02.412-04:00  INFO 33916 --- [cliente-service] [main] .s.d.r.c.RepositoryConfigurationDelegate : Bootstrapping Spring Data JPA repositories in DEFAULT mode.
2026-05-18T14:13:02.454-04:00  INFO 33916 --- [cliente-service] [main] .s.d.r.c.RepositoryConfigurationDelegate : Finished Spring Data repository scanning in 35 ms. Found 1 JPA repository interface.
2026-05-18T14:13:02.892-04:00  INFO 33916 --- [cliente-service] [main] o.s.boot.tomcat.TomcatWebServer          : Tomcat initialized with port 8081 (http)
2026-05-18T14:13:02.903-04:00  INFO 33916 --- [cliente-service] [main] o.apache.catalina.core.StandardService   : Starting service [Tomcat]
2026-05-18T14:13:02.903-04:00  INFO 33916 --- [cliente-service] [main] o.apache.catalina.core.StandardEngine    : Starting Servlet engine: [Apache Tomcat/11.0.20]
2026-05-18T14:13:02.945-04:00  INFO 33916 --- [cliente-service] [main] b.w.c.s.WebApplicationContextInitializer : Root WebApplicationContext: initialization completed in 1009 ms
2026-05-18T14:13:03.134-04:00 DEBUG 33916 --- [cliente-service] [main] c.m.c.config.JwtAuthenticationFilter     : Filter 'jwtAuthenticationFilter' configured for use
2026-05-18T14:13:03.253-04:00  INFO 33916 --- [cliente-service] [main] org.hibernate.orm.jpa                    : HHH008540: Processing PersistenceUnitInfo [name: default]
2026-05-18T14:13:03.287-04:00  INFO 33916 --- [cliente-service] [main] org.hibernate.orm.core                   : HHH000001: Hibernate ORM core version 7.2.7.Final
2026-05-18T14:13:03.599-04:00  INFO 33916 --- [cliente-service] [main] o.s.o.j.p.SpringPersistenceUnitInfo      : No LoadTimeWeaver setup: ignoring JPA class transformer
2026-05-18T14:13:03.620-04:00  INFO 33916 --- [cliente-service] [main] com.zaxxer.hikari.HikariDataSource       : HikariPool-1 - Starting...
2026-05-18T14:13:03.871-04:00  INFO 33916 --- [cliente-service] [main] com.zaxxer.hikari.pool.HikariPool        : HikariPool-1 - Added connection com.mysql.cj.jdbc.ConnectionImpl@6abd8bcd
2026-05-18T14:13:03.872-04:00  INFO 33916 --- [cliente-service] [main] com.zaxxer.hikari.HikariDataSource       : HikariPool-1 - Start completed.
2026-05-18T14:13:03.943-04:00  WARN 33916 --- [cliente-service] [main] org.hibernate.orm.jdbc                   : HHH100045: Could not obtain connection metadata: java.sql.SQLSyntaxErrorException: Unknown column 'RESERVED' in 'WHERE'
2026-05-18T14:13:03.953-04:00  WARN 33916 --- [cliente-service] [main] org.hibernate.orm.deprecation            : HHH90000025: MySQLDialect does not need to be specified explicitly using 'hibernate.dialect' (remove the property setting and it will be selected by default)
2026-05-18T14:13:03.961-04:00  INFO 33916 --- [cliente-service] [main] org.hibernate.orm.connections.pooling    : HHH10001005: Database info:
	Database JDBC URL [undefined/unknown]
	Database driver: undefined/unknown
	Database dialect: MySQLDialect
	Database version: 8.0
	Default catalog/schema: unknown/unknown
	Autocommit mode: undefined/unknown
	Isolation level: NONE [default NONE]
	JDBC fetch size: undefined/unknown
	Pool: DataSourceConnectionProvider
	Minimum pool size: undefined/unknown
	Maximum pool size: undefined/unknown
2026-05-18T14:13:04.525-04:00  INFO 33916 --- [cliente-service] [main] org.hibernate.orm.core                   : HHH000489: No JTA platform available (set 'hibernate.transaction.jta.platform' to enable JTA platform integration)
2026-05-18T14:13:04.708-04:00  INFO 33916 --- [cliente-service] [main] j.LocalContainerEntityManagerFactoryBean : Initialized JPA EntityManagerFactory for persistence unit 'default'
2026-05-18T14:13:04.762-04:00  INFO 33916 --- [cliente-service] [main] o.s.d.j.r.query.QueryEnhancerFactories   : Hibernate is in classpath; If applicable, HQL parser will be used.
2026-05-18T14:13:04.886-04:00  INFO 33916 --- [cliente-service] [main] r$InitializeUserDetailsManagerConfigurer : Global AuthenticationManager configured with UserDetailsService bean with name userDetailsService
2026-05-18T14:13:05.352-04:00  INFO 33916 --- [cliente-service] [main] o.s.boot.tomcat.TomcatWebServer          : Tomcat started on port 8081 (http) with context path '/'
2026-05-18T14:13:05.356-04:00  INFO 33916 --- [cliente-service] [main] c.m.c.ClienteServiceApplication          : Started ClienteServiceApplication in 3.777 seconds (process running for 4.187)
2026-05-18T14:13:05.628-04:00  INFO 33916 --- [cliente-service] [main] c.m.c.config.DataInitializer             : >>> DataInitializer: BD vacía detectada, insertando 20 clientes de prueba...
2026-05-18T14:13:05.716-04:00  INFO 33916 --- [cliente-service] [main] c.m.c.config.DataInitializer             : >>> DataInitializer: Carga finalizada. 20 clientes insertados correctamente.
2026-05-18T14:25:26.957-04:00  INFO 33916 --- [cliente-service] [SpringApplicationShutdownHook] o.s.boot.tomcat.GracefulShutdown         : Commencing graceful shutdown. Waiting for active requests to complete
2026-05-18T14:25:26.959-04:00  INFO 33916 --- [cliente-service] [tomcat-shutdown] o.s.boot.tomcat.GracefulShutdown         : Graceful shutdown complete
2026-05-18T14:25:26.962-04:00  INFO 33916 --- [cliente-service] [SpringApplicationShutdownHook] j.LocalContainerEntityManagerFactoryBean : Closing JPA EntityManagerFactory for persistence unit 'default'
2026-05-18T14:25:26.963-04:00  INFO 33916 --- [cliente-service] [SpringApplicationShutdownHook] com.zaxxer.hikari.HikariDataSource       : HikariPool-1 - Shutdown initiated...
2026-05-18T14:25:26.968-04:00  INFO 33916 --- [cliente-service] [SpringApplicationShutdownHook] com.zaxxer.hikari.HikariDataSource       : HikariPool-1 - Shutdown completed.
